country,iso3,year,life_expectancy,adult_mortality,bmi,alcohol,health_expenditure,immunization,schooling,income_composition,gdp,population,infant_mortality,missingness_note
Afghanistan,AFG,2015,62.2,267.3,21.1,3.3,3.6,68.3,,0.462,898,161031226,52.0,
Afghanistan,AFG,2016,63.0,284.6,22.2,1.8,2.9,69.2,5.7,0.422,1352,56903478,48.7,
Afghanistan,AFG,2017,63.7,282.1,22.9,0.7,3.1,63.2,5.4,0.440,1131,2244726,49.8,
Afghanistan,AFG,2018,63.8,266.7,21.4,3.0,3.5,66.7,6.0,0.451,1165,789764,48.6,
Afghanistan,AFG,2019,63.6,285.2,21.4,2.7,2.9,66.6,5.1,0.451,1524,2353759,45.6,
Afghanistan,AFG,2020,63.2,278.5,21.7,3.7,3.0,68.5,6.4,0.438,896,2520863,50.9,
Afghanistan,AFG,2021,65.3,286.4,22.0,1.9,2.8,61.5,5.9,0.391,1405,172000805,48.1,
Afghanistan,AFG,2022,65.9,254.1,22.6,1.6,2.9,69.0,5.0,0.430,1610,18460593,48.2,
Afghanistan,AFG,2023,64.1,255.2,21.8,2.4,3.3,66.1,6.4,0.429,1310,48321644,45.2,
Afghanistan,AFG,2024,64.3,281.7,21.6,3.9,2.8,68.0,5.6,0.445,921,56804646,43.3,
Albania,ALB,2015,71.6,156.4,25.8,7.6,7.4,85.8,11.0,0.705,13086,58279581,17.0,
Albania,ALB,2016,72.3,126.7,25.8,6.7,6.8,89.0,11.2,0.694,12211,57234924,9.4,
Albania,ALB,2017,71.7,140.1,25.0,5.6,5.5,97.4,10.9,0.762,13653,137159431,12.3,
Albania,ALB,2018,72.5,151.0,25.4,5.3,7.6,90.6,11.6,0.728,16444,8672961,10.2,
Albania,ALB,2019,73.2,117.9,25.9,7.6,5.7,91.1,10.8,0.714,13030,60007676,13.5,
Albania,ALB,2020,72.9,116.9,26.7,6.6,5.4,93.1,11.0,0.734,14743,2167407,13.5,
Albania,ALB,2021,73.2,129.1,26.8,5.2,4.7,89.5,10.9,0.722,11235,137394568,9.2,
Albania,ALB,2022,72.6,90.8,26.9,6.4,6.8,93.1,10.6,0.753,16953,158703972,5.6,
Albania,ALB,2023,72.6,108.8,26.5,8.1,6.7,95.9,10.7,0.755,17813,2434049,13.1,
Albania,ALB,2024,72.9,133.9,26.2,5.9,7.3,89.5,11.9,0.825,16253,862092,13.1,
Algeria,DZA,2015,75.2,118.7,25.6,6.9,7.0,90.0,10.9,0.708,14955,166887495,12.0,
Algeria,DZA,2016,75.6,136.0,26.6,5.1,6.8,86.5,11.5,0.743,12789,659075,13.0,
Algeria,DZA,2017,75.8,134.7,26.5,6.4,6.7,89.8,11.0,0.683,16071,9536567,18.4,
Algeria,DZA,2018,76.3,119.8,26.1,5.0,6.0,87.0,10.7,0.761,12484,764427,15.9,
Algeria,DZA,2019,76.4,112.5,26.7,7.8,6.6,89.7,11.9,0.718,13457,20884254,8.6,
Algeria,DZA,2020,76.0,145.5,27.2,5.2,6.0,94.8,11.1,0.730,11628,158557030,13.0,
Algeria,DZA,2021,77.5,120.6,25.2,4.7,6.3,98.2,11.0,0.751,14683,8889931,7.9,
Algeria,DZA,2022,77.4,109.3,27.6,5.9,7.1,92.5,10.9,0.721,18844,17906871,6.3,
Algeria,DZA,2023,77.4,94.5,26.0,6.6,5.8,92.6,11.5,0.721,16756,7834613,11.9,
Algeria,DZA,2024,77.1,112.8,26.3,5.8,6.2,90.7,10.9,0.729,12897,128739187,13.8,
Angola,AGO,2015,68.0,212.0,24.1,3.3,4.7,78.7,8.5,0.549,4260,795562,33.1,
Angola,AGO,2016,68.9,190.6,23.3,5.1,3.8,79.6,,0.584,5025,679911,33.0,
Angola,AGO,2017,70.0,208.6,23.4,4.3,,76.4,7.4,0.520,4935,134680763,31.2,
Angola,AGO,2018,70.1,198.4,24.5,3.6,3.4,80.4,7.4,0.617,3417,140313595,35.3,
Angola,AGO,2019,69.7,203.5,24.3,4.1,4.2,83.4,8.1,0.539,4539,18789507,31.7,
Angola,AGO,2020,69.4,198.0,23.4,4.5,4.6,77.8,8.3,0.552,4158,723788,32.8,
Angola,AGO,2021,70.3,178.1,23.9,2.9,4.3,76.7,8.0,0.557,3809,850656,31.2,
Angola,AGO,2022,68.6,205.5,23.7,1.6,5.1,77.2,8.4,0.522,4040,136693506,29.8,
Angola,AGO,2023,70.4,190.8,23.4,2.8,2.9,87.9,8.2,0.554,3927,7525390,30.4,
Angola,AGO,2024,70.9,195.6,23.9,2.5,3.9,84.7,7.9,0.594,6397,2133982,27.1,
Argentina,ARG,2015,75.3,102.9,27.0,7.5,5.7,87.8,10.8,0.668,12286,21694441,13.0,
Argentina,ARG,2016,75.2,114.0,26.3,6.8,6.8,92.2,11.0,0.710,16596,642822,12.4,
Argentina,ARG,2017,75.2,115.7,27.8,5.9,5.9,88.0,10.5,0.703,13978,729789,13.0,
Argentina,ARG,2018,76.2,140.7,25.8,5.9,7.0,87.1,11.2,0.713,11369,781713,16.4,
Argentina,ARG,2019,77.0,108.5,26.3,8.8,7.0,90.1,10.5,0.737,12974,8846370,12.9,
Argentina,ARG,2020,76.2,113.0,26.0,5.7,4.8,94.9,11.0,0.732,12477,149258427,11.9,
Argentina,ARG,2021,75.7,116.3,24.4,4.6,4.6,86.9,10.5,0.738,10137,2890344,7.6,
Argentina,ARG,2022,76.2,116.9,26.5,5.7,6.7,88.9,10.2,0.742,17529,791944,7.5,
Argentina,ARG,2023,76.7,102.9,27.3,5.8,6.9,90.1,11.3,0.773,16037,743077,12.2,
Argentina,ARG,2024,77.6,107.6,26.9,7.7,7.2,86.4,11.2,0.744,17534,2656138,8.1,
Armenia,ARM,2015,73.0,135.8,26.6,5.1,5.0,85.9,11.2,0.720,11754,45434430,10.6,
Armenia,ARM,2016,74.0,146.1,26.2,6.8,5.3,84.8,11.1,0.761,13264,126519291,12.7,
Armenia,ARM,2017,74.7,127.9,25.9,5.2,4.5,88.7,10.4,0.744,12957,761914,11.7,
Armenia,ARM,2018,73.2,126.0,27.3,6.5,6.8,92.2,10.6,0.767,11864,58646737,11.1,
Armenia,ARM,2019,74.8,125.4,25.9,5.6,5.1,88.7,11.3,0.730,16323,144443265,13.8,
Armenia,ARM,2020,73.9,100.4,26.6,6.7,7.1,96.4,10.8,0.732,17383,7190798,9.9,
Armenia,ARM,2021,74.8,128.6,26.9,6.7,7.4,94.2,10.9,0.704,14182,650408,9.1,
Armenia,ARM,2022,74.9,114.2,25.7,8.4,7.5,89.1,11.8,0.771,18270,56322269,8.3,
Armenia,ARM,2023,75.8,107.8,25.9,8.7,6.4,92.0,11.1,0.751,10597,15819923,13.8,
Armenia,ARM,2024,75.3,96.3,26.2,6.1,4.6,86.6,11.1,0.710,19453,130041646,3.1,
Australia,AUS,2015,80.7,98.6,27.9,11.0,14.1,96.2,14.3,0.862,48617,46928875,1.9,
Australia,AUS,2016,81.2,92.6,28.0,10.2,12.5,94.7,13.8,0.907,50288,2654999,1.3,
Australia,AUS,2017,81.9,88.2,28.2,11.5,12.5,90.4,13.1,0.901,44803,760266,4.0,
Australia,AUS,2018,81.5,76.2,29.3,10.5,11.4,98.4,14.1,0.887,52535,2437729,3.1,
Australia,AUS,2019,81.4,62.6,28.4,12.2,13.3,98.8,14.0,0.870,38607,638810,1.8,
Australia,AUS,2020,80.9,95.6,29.2,10.1,11.0,99.0,13.4,0.892,58036,2358656,1.0,
Australia,AUS,2021,81.8,111.4,28.1,9.9,12.8,98.5,12.9,0.923,39369,8444579,1.0,
Australia,AUS,2022,81.5,49.9,28.7,10.7,12.4,98.2,14.4,0.930,55196,2682691,1.0,
Australia,AUS,2023,82.3,69.2,29.5,12.3,14.3,92.9,14.0,0.936,51253,8206371,1.0,
Australia,AUS,2024,81.8,65.2,29.1,11.0,13.1,94.7,13.9,0.919,56298,151335424,1.0,
Austria,AUT,2015,83.4,91.4,27.4,11.3,12.7,95.5,13.6,0.879,35285,59714105,4.7,
Austria,AUT,2016,83.5,65.8,29.0,10.7,12.3,95.6,12.6,0.917,44448,132049296,2.1,
Austria,AUT,2017,83.9,91.8,26.4,12.2,12.3,95.5,13.1,0.905,53208,760061,2.6,
Austria,AUT,2018,83.7,62.7,28.5,12.9,12.6,95.9,13.7,0.947,53262,50209554,3.6,
Austria,AUT,2019,83.5,76.7,28.1,11.0,12.9,98.2,13.0,0.934,36936,8649739,3.4,
Austria,AUT,2020,84.8,67.1,28.8,9.8,13.4,99.0,14.7,0.905,68009,9149453,1.0,
Austria,AUT,2021,85.0,84.9,28.3,12.0,11.2,99.0,13.6,0.920,61743,59722133,1.0,
Austria,AUT,2022,84.6,87.2,28.4,9.6,12.3,99.0,13.8,0.927,64147,2249208,1.2,
Austria,AUT,2023,85.1,80.0,29.0,12.5,13.2,97.1,13.9,0.945,68381,47544171,1.0,
Austria,AUT,2024,85.4,63.6,29.5,12.5,11.8,99.0,14.0,0.894,44936,824053,1.0,
Bangladesh,BGD,2015,72.5,215.1,23.9,4.7,5.1,79.0,7.9,0.558,4450,18285217,33.0,
Bangladesh,BGD,2016,71.8,206.7,23.2,3.7,4.0,71.3,8.5,0.576,5368,53307234,27.9,
Bangladesh,BGD,2017,74.0,193.4,24.6,5.4,5.2,77.4,7.7,0.588,3962,45461779,37.8,
Bangladesh,BGD,2018,72.4,200.5,23.7,3.4,2.4,82.7,7.6,0.590,4651,2907533,31.3,
Bangladesh,BGD,2019,73.2,180.2,24.2,2.4,3.6,76.5,7.9,0.565,5058,780582,27.4,
Bangladesh,BGD,2020,72.6,210.9,23.3,4.7,3.8,83.3,7.9,0.602,4455,2692307,30.9,
Bangladesh,BGD,2021,72.8,187.1,23.1,3.3,3.5,79.0,8.4,0.583,5578,875020,34.4,
Bangladesh,BGD,2022,72.8,166.2,22.7,4.6,6.2,84.2,8.6,0.558,5060,787904,27.6,
Bangladesh,BGD,2023,72.5,190.9,24.1,3.6,5.2,77.5,7.7,0.596,4273,54461598,23.5,
Bangladesh,BGD,2024,72.9,163.5,23.8,5.4,5.5,84.8,8.5,0.621,6462,20805381,28.7,
Belgium,BEL,2015,78.7,77.4,27.4,12.6,14.0,98.8,13.4,0.880,36887,161048669,3.5,
Belgium,BEL,2016,79.6,92.8,28.3,10.4,12.2,99.0,14.1,0.852,62955,2637200,5.4,
Belgium,BEL,2017,80.1,76.6,28.2,10.5,12.7,99.0,13.7,0.873,51715,774163,1.8,
Belgium,BEL,2018,79.6,70.5,28.5,10.2,12.0,88.0,13.3,0.876,40389,742044,1.0,
Belgium,BEL,2019,79.7,71.0,28.7,11.0,11.9,96.6,13.5,0.910,55041,46803673,3.2,
Belgium,BEL,2020,80.2,66.9,27.4,11.0,13.9,95.0,13.9,0.881,40725,882374,3.2,
Belgium,BEL,2021,80.2,83.3,27.5,11.2,10.4,94.4,13.0,0.855,45127,45128300,1.0,
Belgium,BEL,2022,80.2,75.0,27.7,11.0,12.5,99.0,15.0,0.883,50089,18624827,5.8,
Belgium,BEL,2023,80.9,77.9,29.3,12.1,14.0,99.0,13.9,0.960,59479,777557,1.0,
Belgium,BEL,2024,81.4,61.9,28.1,13.0,12.4,98.4,13.7,0.960,44140,156115658,1.0,
Benin,BEN,2015,69.9,184.9,24.0,2.2,3.0,78.5,8.1,0.604,3959,687599,31.5,
Benin,BEN,2016,70.8,214.4,22.2,0.7,3.2,75.3,7.5,0.602,3326,842099,29.2,
Benin,BEN,2017,69.7,216.5,25.1,5.9,5.2,82.2,7.9,0.561,3936,9482146,32.7,
Benin,BEN,2018,70.7,209.7,22.6,4.8,4.9,80.6,9.2,0.563,5951,8212379,33.4,
Benin,BEN,2019,69.6,205.1,23.3,3.2,4.3,80.6,8.7,0.544,4165,828679,32.4,
Benin,BEN,2020,70.4,192.3,23.2,3.0,4.9,74.3,8.0,0.567,3942,2837848,30.1,
Benin,BEN,2021,71.4,206.4,23.6,4.7,3.5,73.9,8.0,0.608,5391,2757177,26.7,
Benin,BEN,2022,70.9,184.3,24.5,4.9,4.6,80.1,7.5,0.600,6264,47484420,29.8,
Benin,BEN,2023,70.7,177.6,24.4,5.1,3.4,81.3,7.6,0.599,5276,2482970,28.7,
Benin,BEN,2024,70.4,202.0,24.2,2.6,3.1,85.1,9.3,0.577,4037,774960,23.8,
Bolivia,BOL,2015,69.9,218.6,24.8,1.5,5.2,84.9,7.8,0.555,4015,753366,28.1,
Bolivia,BOL,2016,70.2,206.5,23.3,3.5,3.7,78.3,8.3,0.606,3274,136816539,34.1,
Bolivia,BOL,2017,70.1,174.5,23.0,2.9,5.7,77.4,8.7,0.564,4378,817914,38.2,
Bolivia,BOL,2018,70.9,199.8,24.3,3.4,3.2,83.0,8.0,0.590,5948,9457477,31.9,
Bolivia,BOL,2019,70.9,192.5,22.0,0.5,6.3,81.7,8.6,0.557,5435,170501319,30.3,
Bolivia,BOL,2020,71.3,182.0,24.1,2.7,4.1,80.9,9.0,0.555,4373,132051362,26.1,
Bolivia,BOL,2021,71.6,182.5,21.6,2.8,4.7,88.9,8.6,0.591,4236,19853069,29.2,
Bolivia,BOL,2022,71.1,197.5,23.5,2.8,5.0,81.8,8.2,0.558,4844,868851,32.7,
Bolivia,BOL,2023,71.1,189.2,23.8,4.4,4.2,82.8,8.2,0.637,4095,159552053,25.6,
Bolivia,BOL,2024,71.8,180.5,25.3,2.5,3.4,82.2,8.4,0.565,3671,785633,28.5,
Brazil,BRA,2015,74.4,145.8,26.2,4.8,7.0,91.1,10.7,0.718,12864,128847342,11.5,
Brazil,BRA,2016,75.5,129.5,26.7,7.8,6.2,88.0,11.5,0.757,15546,44546073,15.0,
Brazil,BRA,2017,73.3,133.8,27.1,8.1,6.5,98.1,10.9,0.707,13095,812619,14.4,
Brazil,BRA,2018,75.2,115.1,26.5,7.6,7.4,90.6,10.6,0.714,13647,43821130,15.9,
Brazil,BRA,2019,75.0,124.4,26.2,7.5,6.4,86.0,11.3,0.761,17033,645912,15.7,
Brazil,BRA,2020,75.5,118.4,26.2,5.2,6.0,84.9,11.0,0.765,16185,17975926,13.0,
Brazil,BRA,2021,75.7,135.9,26.4,8.2,6.8,98.9,11.2,0.744,14322,8029122,9.9,
Brazil,BRA,2022,74.9,115.7,27.2,6.0,5.3,95.0,11.6,0.775,11079,7579820,4.0,
Brazil,BRA,2023,76.2,118.7,27.3,5.5,7.9,90.0,11.6,0.764,10391,52846194,11.4,
Brazil,BRA,2024,76.0,123.8,26.0,7.7,6.9,82.1,11.9,0.770,15000,158054118,5.9,
Bulgaria,BGR,2015,84.9,97.0,27.6,12.0,14.1,93.9,13.6,0.906,57449,167085489,1.0,
Bulgaria,BGR,2016,84.6,97.9,27.5,10.3,13.5,99.0,13.5,0.864,58320,782984,4.0,
Bulgaria,BGR,2017,84.7,87.2,28.9,11.0,13.3,96.3,13.6,0.934,54297,154116765,3.4,
Bulgaria,BGR,2018,84.5,64.9,26.2,11.3,13.1,99.0,13.1,0.877,55361,2856977,1.0,
Bulgaria,BGR,2019,83.7,80.3,27.4,11.1,13.2,94.6,14.3,0.886,38728,58730732,3.8,
Bulgaria,BGR,2020,85.3,82.6,28.0,11.7,12.6,99.0,13.6,0.917,67168,19682298,2.1,
Bulgaria,BGR,2021,84.4,82.9,27.4,11.2,13.1,93.4,13.5,0.959,66483,7155795,1.0,
Bulgaria,BGR,2022,85.0,84.7,28.2,11.6,12.4,98.6,13.4,0.907,54533,9058238,1.0,
Bulgaria,BGR,2023,85.5,92.7,28.4,10.3,13.4,99.0,13.4,0.931,43146,48667025,1.0,
Bulgaria,BGR,2024,85.7,65.3,28.2,10.0,14.4,95.1,14.3,0.923,44962,134090539,1.0,
Cambodia,KHM,2015,70.2,202.0,23.2,3.4,3.7,82.4,7.7,0.564,4946,7086524,33.5,
Cambodia,KHM,2016,70.9,196.5,24.0,6.3,5.1,76.3,,0.541,5011,737271,33.8,
Cambodia,KHM,2017,70.2,199.1,24.4,4.0,2.5,78.0,7.4,0.553,4614,2639313,29.4,
Cambodia,KHM,2018,70.9,205.6,23.8,3.5,6.0,85.5,6.9,0.547,5744,16539025,28.8,
Cambodia,KHM,2019,70.0,193.9,24.2,2.6,3.6,77.3,8.1,0.599,4535,2674322,31.5,
Cambodia,KHM,2020,71.2,184.3,23.7,0.6,3.9,78.6,7.6,0.598,5711,171207435,26.2,
Cambodia,KHM,2021,72.1,211.8,25.6,2.4,5.2,81.0,7.9,0.585,4989,2351210,33.6,
Cambodia,KHM,2022,70.7,185.2,23.0,4.2,4.5,76.6,8.2,0.580,3664,46637458,26.5,
Cambodia,KHM,2023,70.7,171.2,24.2,4.4,5.5,80.6,8.8,0.588,3716,20160405,25.3,
Cambodia,KHM,2024,71.8,173.9,25.0,3.8,3.3,79.8,7.8,0.609,6538,16598327,25.4,
Cameroon,CMR,2015,68.7,222.5,24.0,4.6,5.1,76.0,7.1,0.527,3986,760930,30.9,
Cameroon,CMR,2016,68.0,194.4,24.5,5.1,4.3,75.5,7.9,0.547,4734,9359453,32.8,
Cameroon,CMR,2017,68.7,203.2,24.6,4.1,3.8,77.6,8.6,0.587,4792,2706502,29.9,
Cameroon,CMR,2018,68.7,195.5,23.7,2.5,2.4,78.9,8.6,0.520,4741,714713,31.9,
Cameroon,CMR,2019,69.0,189.5,23.1,4.4,4.9,77.8,7.6,0.569,3919,128435006,29.3,
Cameroon,CMR,2020,68.6,205.2,24.0,2.3,3.1,72.9,8.0,0.569,4212,865824,25.4,
Cameroon,CMR,2021,68.4,195.0,24.2,2.9,4.0,80.6,8.0,0.529,4438,16448201,30.5,
Cameroon,CMR,2022,69.3,177.3,23.6,1.4,3.8,84.3,8.2,0.577,4520,677981,31.9,
Cameroon,CMR,2023,69.1,180.7,22.9,3.2,4.3,85.7,7.9,0.566,5498,20827446,22.0,
Cameroon,CMR,2024,68.8,197.7,23.8,4.2,4.7,70.8,8.6,0.590,3838,2230868,24.3,
Canada,CAN,2015,81.5,75.5,28.3,11.3,12.6,95.7,13.6,0.871,46053,57682517,2.0,
Canada,CAN,2016,82.3,90.3,28.3,9.5,13.5,98.9,13.7,0.868,58956,52670385,2.9,
Canada,CAN,2017,81.6,80.2,28.2,9.7,13.0,99.0,13.7,0.918,60414,2379981,4.7,
Canada,CAN,2018,80.7,74.5,28.4,10.5,14.9,94.2,13.4,0.904,60092,151177044,4.7,
Canada,CAN,2019,82.1,68.9,28.1,11.9,12.5,99.0,13.4,0.903,47937,2587181,2.6,
Canada,CAN,2020,81.3,88.6,29.0,11.7,12.6,94.3,13.5,0.897,38682,8361442,1.0,
Canada,CAN,2021,81.7,93.1,29.8,10.1,13.3,97.5,14.1,0.850,45764,152222222,3.8,
Canada,CAN,2022,81.4,89.2,28.0,9.8,13.6,89.4,14.6,0.882,62784,802095,1.0,
Canada,CAN,2023,82.5,66.9,29.7,10.3,13.4,96.9,13.9,0.933,64413,2934486,1.0,
Canada,CAN,2024,82.1,55.6,29.6,10.4,14.2,92.1,13.2,0.893,61167,9032542,1.0,
Chile,CHL,2015,82.4,68.2,27.5,11.3,12.6,89.8,13.7,0.866,62307,47590152,5.5,
Chile,CHL,2016,81.3,78.9,28.0,13.1,11.1,95.0,13.4,0.884,46503,7991138,2.0,
Chile,CHL,2017,83.0,71.5,28.7,9.5,11.3,89.2,13.3,0.872,46855,837995,3.7,
Chile,CHL,2018,81.1,80.4,26.9,11.4,11.9,91.2,14.4,0.905,58854,145410759,2.6,
Chile,CHL,2019,82.3,63.8,27.3,9.2,13.6,90.2,13.0,0.960,52148,7277425,4.7,
Chile,CHL,2020,81.8,65.2,27.9,13.9,13.0,87.9,13.3,0.935,48324,157343955,1.0,
Chile,CHL,2021,83.0,63.1,28.0,11.0,13.2,95.4,13.7,0.938,59409,738952,4.1,
Chile,CHL,2022,82.1,64.6,28.2,11.6,12.8,95.0,13.9,0.933,51356,44494433,1.0,
Chile,CHL,2023,83.0,84.1,28.4,12.3,11.6,99.0,13.4,0.938,58832,153185995,1.0,
Chile,CHL,2024,81.6,71.4,28.7,10.1,13.8,97.4,13.8,0.924,58596,130993911,1.0,
China,CHN,2015,75.5,141.6,24.5,7.5,8.9,88.0,10.2,0.708,13961,2504819,12.9,
China,CHN,2016,77.3,129.4,24.7,4.6,5.9,87.2,10.6,0.728,10697,2230845,15.7,
China,CHN,2017,76.7,122.8,25.9,7.1,5.6,93.3,11.0,0.689,10735,19497355,10.0,
China,CHN,2018,76.2,123.0,25.1,9.2,7.0,83.7,11.1,0.739,10414,54190231,13.1,
China,CHN,2019,77.3,140.8,26.9,6.4,5.6,87.9,11.6,0.712,10456,832655,7.6,
China,CHN,2020,77.3,117.7,26.1,6.6,6.8,87.2,11.2,0.699,10693,725549,10.9,
China,CHN,2021,77.2,121.4,28.2,8.6,6.3,90.7,11.0,0.743,10371,150635947,12.2,
China,CHN,2022,77.1,102.5,25.8,4.7,6.7,91.6,11.2,0.742,13531,2531025,11.3,
China,CHN,2023,77.1,132.8,27.0,7.7,6.1,92.0,11.2,0.722,18257,49696448,5.2,
China,CHN,2024,78.1,112.9,26.6,7.3,8.2,94.6,10.4,0.788,15213,20659450,5.9,
Colombia,COL,2015,77.1,120.6,26.2,5.8,8.2,87.2,10.5,0.702,12608,7825175,14.8,
Colombia,COL,2016,78.0,129.8,25.2,9.9,7.5,87.8,11.0,0.739,11200,7012776,14.6,
Colombia,COL,2017,77.8,114.6,26.3,7.3,5.5,90.8,11.7,0.716,15894,8053426,12.9,
Colombia,COL,2018,78.3,116.7,26.7,6.0,8.2,92.7,11.2,0.696,12440,134849410,16.5,
Colombia,COL,2019,78.4,110.2,26.1,6.9,5.6,88.9,11.2,0.745,16638,16036582,12.3,
Colombia,COL,2020,78.4,111.1,27.8,5.9,5.6,84.9,11.3,0.733,16298,43447580,11.6,
Colombia,COL,2021,78.5,108.4,27.0,4.5,4.5,86.4,10.8,0.780,11410,48101298,6.7,
Colombia,COL,2022,78.0,134.4,26.2,8.0,6.6,92.5,11.7,0.741,18461,18370043,14.8,
Colombia,COL,2023,78.6,116.1,26.9,6.1,6.7,90.5,10.5,0.755,12268,2513579,10.6,
Colombia,COL,2024,79.6,108.1,27.1,6.1,6.7,92.8,10.6,0.741,11292,9242116,13.5,
Costa Rica,CRI,2015,75.9,119.7,26.0,7.7,5.7,88.5,10.6,0.685,16278,668204,17.9,
Costa Rica,CRI,2016,75.6,116.3,26.5,4.5,7.4,91.0,10.2,0.693,14052,2844427,14.1,
Costa Rica,CRI,2017,78.0,125.0,27.7,4.7,6.9,87.6,10.7,0.722,11422,58644596,12.3,
Costa Rica,CRI,2018,77.6,126.1,26.9,6.0,8.2,87.3,10.4,0.731,14146,8748854,9.5,
Costa Rica,CRI,2019,76.5,138.1,25.6,6.2,4.5,79.3,10.9,0.763,16152,7973145,11.7,
Costa Rica,CRI,2020,76.1,125.1,25.9,6.0,5.3,92.6,10.7,0.692,11718,136791820,8.5,
Costa Rica,CRI,2021,78.7,94.3,26.0,5.5,5.9,92.8,11.1,0.725,17108,18158300,9.2,
Costa Rica,CRI,2022,76.1,141.2,26.1,7.1,5.8,89.7,10.9,0.732,10243,8502179,5.7,
Costa Rica,CRI,2023,77.7,110.1,26.1,7.7,6.8,92.7,11.7,0.752,17607,2252852,9.2,
Costa Rica,CRI,2024,77.9,132.4,25.5,5.3,5.4,93.9,11.1,0.716,17376,818520,8.4,
Cote d'Ivoire,CIV,2015,69.2,213.6,21.4,0.7,3.2,79.2,8.0,0.564,4455,2932538,34.0,
Cote d'Ivoire,CIV,2016,69.2,225.3,23.9,3.1,,78.2,8.3,0.558,5720,691319,31.8,
Cote d'Ivoire,CIV,2017,69.7,191.0,22.0,5.1,5.1,80.2,8.5,0.560,5553,813975,33.9,
Cote d'Ivoire,CIV,2018,70.2,213.4,23.7,4.3,3.3,79.6,8.6,0.497,4162,7233150,30.2,
Cote d'Ivoire,CIV,2019,69.3,204.4,23.3,1.9,5.1,85.2,7.9,0.556,5689,9554353,30.1,
Cote d'Ivoire,CIV,2020,69.4,199.5,25.1,2.1,5.3,85.8,8.5,0.569,5075,124733724,32.7,
Cote d'Ivoire,CIV,2021,71.0,195.3,24.2,4.3,5.2,75.7,8.5,0.548,5342,2933305,25.5,
Cote d'Ivoire,CIV,2022,70.2,184.2,24.2,5.4,3.9,82.0,7.3,0.585,3846,50216859,31.3,
Cote d'Ivoire,CIV,2023,70.7,201.5,24.0,5.2,5.3,81.4,8.4,0.613,4244,47024438,28.0,
Cote d'Ivoire,CIV,2024,70.3,220.1,24.6,2.2,3.4,74.7,8.5,0.585,5670,8543212,27.9,
Croatia,HRV,2015,82.7,92.4,28.8,11.4,14.1,94.4,14.0,0.926,35579,155363596,3.2,
Croatia,HRV,2016,81.7,88.6,28.9,11.1,13.1,90.6,13.0,0.927,58741,724361,2.2,
Croatia,HRV,2017,83.4,73.7,29.6,11.8,13.1,89.9,13.7,0.886,54475,138236335,2.4,
Croatia,HRV,2018,83.1,71.5,29.2,8.9,12.7,94.7,13.3,0.882,54216,2185989,1.9,
Croatia,HRV,2019,82.8,77.5,28.2,9.4,12.9,97.0,13.1,0.899,61886,16849615,2.4,
Croatia,HRV,2020,82.9,84.9,27.2,11.1,11.9,99.0,13.5,0.877,46597,711892,1.0,
Croatia,HRV,2021,83.3,89.5,28.6,12.2,12.2,93.8,13.9,0.939,61876,2816065,1.0,
Croatia,HRV,2022,83.6,78.2,28.2,11.4,13.4,99.0,14.3,0.883,64317,57896339,2.2,
Croatia,HRV,2023,84.0,68.5,27.8,12.6,14.6,97.3,13.1,0.876,50978,20361919,1.0,
Croatia,HRV,2024,84.8,47.7,27.8,10.7,13.9,99.0,13.7,0.945,44774,168462788,1.0,
Czechia,CZE,2015,82.0,89.7,28.5,11.3,12.9,97.0,13.0,0.851,45616,44969275,4.3,
Czechia,CZE,2016,82.2,93.7,28.7,12.1,12.1,93.9,13.9,0.872,53778,139700227,4.5,
Czechia,CZE,2017,82.3,64.8,28.1,9.9,13.7,93.2,13.5,0.897,42775,155260838,1.0,
Czechia,CZE,2018,81.9,72.2,27.2,11.0,13.5,96.3,14.7,0.908,56262,2832943,1.0,
Czechia,CZE,2019,81.6,70.5,27.7,10.8,13.0,97.7,13.6,0.913,41435,17118526,3.4,
Czechia,CZE,2020,82.5,75.6,28.6,8.1,13.2,94.7,13.5,0.915,62483,154909258,1.1,
Czechia,CZE,2021,82.7,71.3,27.7,11.1,13.3,97.3,13.8,0.902,51225,50948425,4.2,
Czechia,CZE,2022,83.0,81.9,28.7,9.4,13.2,98.0,13.5,0.897,69972,8539697,3.3,
Czechia,CZE,2023,82.0,70.2,28.1,11.1,14.1,95.2,13.7,0.937,62341,858345,2.2,
Czechia,CZE,2024,83.4,75.2,29.3,11.1,13.3,97.8,13.7,0.942,39881,131813020,1.0,
Denmark,DNK,2015,81.5,68.5,26.3,10.4,13.4,97.2,13.6,0.910,53064,2862109,6.9,
Denmark,DNK,2016,81.3,72.7,29.3,9.3,12.5,92.7,13.5,0.871,60296,53898823,4.8,
Denmark,DNK,2017,81.0,86.3,27.9,13.3,11.1,99.0,13.6,0.903,45403,151873351,5.4,
Denmark,DNK,2018,82.6,102.7,29.7,10.4,13.7,92.3,13.2,0.897,38504,876440,6.3,
Denmark,DNK,2019,82.6,71.3,29.5,11.7,13.4,99.0,13.0,0.875,36343,19677614,1.5,
Denmark,DNK,2020,82.5,71.7,28.6,11.0,13.2,99.0,14.1,0.921,48434,20707955,4.7,
Denmark,DNK,2021,83.1,68.3,27.9,12.5,12.3,87.9,13.4,0.903,69199,7090249,1.0,
Denmark,DNK,2022,83.5,61.1,28.0,9.7,14.1,94.9,14.7,0.932,43520,840907,1.0,
Denmark,DNK,2023,82.6,77.4,28.2,10.1,12.1,93.6,13.3,0.938,62653,7041647,4.3,
Denmark,DNK,2024,83.5,59.3,28.2,10.8,11.4,99.0,13.7,0.945,61288,676084,1.0,
Dominican Republic,DOM,2015,79.0,140.3,27.0,5.2,6.7,90.7,11.3,0.758,11236,8298398,17.6,
Dominican Republic,DOM,2016,79.1,127.2,26.4,6.6,7.1,90.6,11.3,0.724,15768,17893470,10.8,
Dominican Republic,DOM,2017,79.5,118.8,26.1,7.2,6.7,91.7,10.9,0.718,15648,58513877,13.2,
Dominican Republic,DOM,2018,79.4,108.7,24.7,4.8,5.2,90.8,11.4,0.720,14555,16259282,9.7,
Dominican Republic,DOM,2019,79.4,113.2,26.3,6.0,5.6,93.1,11.1,0.760,10619,44580118,10.5,
Dominican Republic,DOM,2020,80.1,112.5,25.2,5.8,5.9,85.7,11.3,0.704,14819,152739315,10.7,
Dominican Republic,DOM,2021,80.3,137.0,27.0,5.0,6.9,86.1,10.3,0.787,13565,19954728,14.6,
Dominican Republic,DOM,2022,80.2,122.7,25.7,5.7,7.1,87.1,11.3,0.750,18149,137642547,9.4,
Dominican Republic,DOM,2023,80.5,106.9,26.1,7.4,8.0,95.5,11.3,0.735,13264,8061714,6.6,
Dominican Republic,DOM,2024,80.3,120.5,27.1,7.9,6.2,94.4,11.5,0.754,18310,20194997,6.5,
Ecuador,ECU,2015,75.9,110.6,25.6,5.7,6.5,88.5,10.6,0.739,16835,44475887,15.6,
Ecuador,ECU,2016,76.3,138.8,25.2,7.0,6.3,91.0,11.2,0.724,15678,17475667,17.0,
Ecuador,ECU,2017,76.4,121.0,25.9,7.7,6.2,92.9,11.0,0.702,16393,20189585,14.8,
Ecuador,ECU,2018,76.6,122.8,26.7,7.3,6.6,86.9,11.6,0.796,15997,54399285,11.3,
Ecuador,ECU,2019,76.6,125.6,26.1,5.9,5.0,90.6,10.6,0.708,15194,20800770,13.4,
Ecuador,ECU,2020,76.6,106.7,25.6,5.8,6.5,90.3,10.9,0.724,13304,2842991,11.9,
Ecuador,ECU,2021,75.9,122.0,26.7,7.7,6.0,92.6,11.2,0.707,11549,55229011,12.7,
Ecuador,ECU,2022,76.9,116.4,26.9,6.7,6.9,93.0,10.9,0.753,16446,9564459,4.1,
Ecuador,ECU,2023,78.0,122.4,26.4,6.0,6.1,86.9,10.6,0.764,14101,56021967,9.0,
Ecuador,ECU,2024,78.0,113.4,25.0,7.8,6.0,94.5,11.3,0.755,18274,2927718,9.8,
Egypt,EGY,2015,69.5,194.5,23.2,0.5,2.1,78.5,,0.611,5781,141447487,39.4,
Egypt,EGY,2016,68.9,218.8,23.2,1.7,5.5,74.5,8.6,0.526,4680,8758525,33.2,
Egypt,EGY,2017,69.9,193.6,23.4,3.8,4.4,81.1,8.4,0.560,4517,19927666,27.8,
Egypt,EGY,2018,69.1,206.2,24.0,4.9,4.0,75.2,8.3,0.540,5615,16349574,30.4,
Egypt,EGY,2019,69.7,182.7,23.3,3.4,3.9,78.9,8.7,0.621,3637,9141213,31.8,
Egypt,EGY,2020,70.0,214.6,23.6,4.9,2.6,74.4,8.7,0.574,4667,17760430,26.9,
Egypt,EGY,2021,70.1,206.9,23.9,3.4,4.7,81.6,8.7,0.587,4269,45946984,22.9,
Egypt,EGY,2022,70.0,191.7,24.0,4.3,2.5,78.4,8.0,0.540,4378,760530,30.0,
Egypt,EGY,2023,70.8,188.4,23.1,2.3,3.7,82.2,8.5,0.578,5767,136200960,24.9,
Egypt,EGY,2024,70.8,197.7,22.9,1.6,4.9,81.2,8.9,0.561,6265,19149756,28.5,
El Salvador,SLV,2015,69.6,199.7,22.7,4.2,3.7,79.5,,0.534,3729,140550155,31.6,
El Salvador,SLV,2016,69.6,212.6,21.5,1.7,4.2,83.7,7.8,0.551,5348,845776,35.2,
El Salvador,SLV,2017,70.0,210.3,23.7,3.7,5.7,80.2,7.9,0.554,4505,142362233,33.0,
El Salvador,SLV,2018,71.2,186.9,24.4,3.6,5.1,76.8,7.3,0.585,4157,154516107,31.7,
El Salvador,SLV,2019,70.8,196.9,23.7,1.9,3.5,80.1,8.0,0.575,3436,18421702,27.8,
El Salvador,SLV,2020,70.2,209.0,23.3,2.7,4.8,80.5,8.7,0.564,5783,665980,29.3,
El Salvador,SLV,2021,72.0,212.8,24.5,3.5,6.8,80.3,8.3,0.577,4164,44225675,28.2,
El Salvador,SLV,2022,71.4,198.4,24.5,5.4,3.7,86.9,9.2,0.611,6299,7868583,22.8,
El Salvador,SLV,2023,71.8,210.9,23.6,4.8,4.0,85.6,7.3,0.618,5965,53559424,29.2,
El Salvador,SLV,2024,71.8,189.5,23.8,4.9,6.7,88.8,9.0,0.595,6163,170487831,27.8,
Eswatini,SWZ,2015,67.5,203.5,23.2,4.9,3.0,77.2,8.0,0.542,5507,172039987,30.4,
Eswatini,SWZ,2016,68.5,199.4,23.9,3.0,4.2,76.3,7.8,0.584,4060,826984,29.4,
Eswatini,SWZ,2017,68.5,169.0,22.7,3.5,4.9,77.8,8.2,0.565,4586,17244877,32.5,
Eswatini,SWZ,2018,69.0,196.3,23.4,3.4,5.7,88.1,7.3,0.599,3861,169703337,33.1,
Eswatini,SWZ,2019,69.0,204.3,24.1,2.5,2.9,74.6,8.8,0.592,5911,128060741,27.4,
Eswatini,SWZ,2020,69.6,209.0,23.0,1.8,3.6,81.2,8.1,0.586,3574,43542364,28.1,
Eswatini,SWZ,2021,69.1,20.4,23.4,2.9,4.6,83.5,8.6,0.544,5874,680862,31.5,
Eswatini,SWZ,2022,68.3,19.0,23.3,1.8,2.9,82.3,8.3,0.597,4916,138371787,33.5,
Eswatini,SWZ,2023,69.4,18.6,23.0,3.8,3.4,79.0,8.2,0.584,6188,8593619,26.7,
Eswatini,SWZ,2024,68.9,20.8,24.4,5.9,2.2,80.8,8.1,0.605,4733,742809,24.3,
Ethiopia,ETH,2015,63.2,289.5,21.8,4.7,1.6,66.4,5.1,0.400,891,126195457,51.4,
Ethiopia,ETH,2016,64.0,277.6,22.3,5.3,3.2,68.1,5.4,0.412,1364,44442620,50.8,
Ethiopia,ETH,2017,63.7,269.8,22.1,2.8,2.8,71.7,5.5,0.380,1074,167419337,48.2,
Ethiopia,ETH,2018,63.8,259.7,22.1,1.9,3.1,68.1,6.0,0.441,1562,873745,49.8,
Ethiopia,ETH,2019,63.8,269.3,21.7,1.0,2.4,66.2,5.6,0.437,984,2397920,50.7,
Ethiopia,ETH,2020,64.4,268.4,22.6,2.6,3.5,70.5,6.0,0.367,1256,153056079,45.1,
Ethiopia,ETH,2021,63.8,276.1,21.2,1.6,2.6,72.2,5.5,0.464,955,2694021,48.3,
Ethiopia,ETH,2022,65.1,257.1,21.1,1.4,2.1,69.0,6.1,0.455,1177,17789720,42.1,
Ethiopia,ETH,2023,64.1,273.3,21.0,2.2,4.6,74.5,5.9,0.444,1000,2575723,47.3,
Ethiopia,ETH,2024,64.3,271.0,22.1,3.1,2.6,63.0,6.7,0.421,1106,49085550,41.6,
Finland,FIN,2015,78.6,55.9,27.7,12.4,13.2,99.0,13.0,0.895,46193,816825,1.0,
Finland,FIN,2016,79.9,75.4,27.3,11.8,12.1,98.6,13.2,0.904,58935,54542401,5.2,
Finland,FIN,2017,79.2,75.0,29.4,10.5,13.3,99.0,13.6,0.890,55321,2944677,4.3,
Finland,FIN,2018,79.6,71.4,27.2,10.9,13.8,99.0,13.0,0.925,64171,2369024,2.5,
Finland,FIN,2019,79.2,90.1,29.0,10.3,11.8,92.8,14.2,0.872,52487,149809143,1.0,
Finland,FIN,2020,79.8,70.8,28.4,11.5,12.1,94.0,14.2,0.943,44903,53310634,1.0,
Finland,FIN,2021,80.2,58.8,28.6,11.0,14.6,95.0,13.7,0.889,51389,2505766,1.0,
Finland,FIN,2022,80.0,52.3,28.2,11.4,12.7,96.0,13.6,0.894,52489,842698,1.3,
Finland,FIN,2023,81.2,76.2,28.2,11.4,12.2,98.0,13.2,0.907,53999,8290348,1.0,
Finland,FIN,2024,80.3,83.5,28.3,10.1,13.6,99.0,13.5,0.945,48773,20157271,5.8,
France,FRA,2015,82.4,72.2,27.7,9.7,12.6,91.8,13.5,0.887,35214,7539068,6.9,
France,FRA,2016,83.7,66.3,28.1,10.7,12.8,91.6,14.2,0.921,36681,2458023,1.0,
France,FRA,2017,84.2,82.1,27.9,9.8,13.3,93.0,13.4,0.915,57667,2248915,4.1,
France,FRA,2018,84.2,69.9,27.6,10.6,13.2,91.2,13.4,0.929,66303,645225,3.2,
France,FRA,2019,84.1,92.1,28.3,9.7,11.9,96.4,12.7,0.872,53587,2460646,1.0,
France,FRA,2020,83.5,84.5,27.9,10.2,13.2,95.9,13.7,0.920,44301,53914651,3.7,
France,FRA,2021,84.2,72.8,27.8,10.7,11.9,95.9,12.7,0.920,41847,127045221,2.7,
France,FRA,2022,84.8,56.1,30.0,12.3,12.3,99.0,13.4,0.910,49517,8407878,1.0,
France,FRA,2023,84.1,65.6,27.9,13.8,13.5,93.9,14.0,0.922,46427,21223637,1.0,
France,FRA,2024,84.1,65.3,28.6,11.9,12.1,98.6,13.9,0.902,43772,48841340,4.2,
Georgia,GEO,2015,76.4,126.8,25.0,7.2,6.2,90.2,10.2,0.693,11948,2637678,10.7,
Georgia,GEO,2016,75.5,111.6,27.7,5.4,6.8,95.6,11.1,0.698,14532,2197951,15.2,
Georgia,GEO,2017,76.1,114.3,25.7,6.9,6.0,87.2,11.3,0.696,11106,7789142,14.1,
Georgia,GEO,2018,76.2,123.2,27.8,4.8,6.6,98.0,11.0,0.744,15885,8354887,12.7,
Georgia,GEO,2019,77.1,129.7,26.4,8.6,5.7,87.5,9.7,0.702,15762,2230944,10.4,
Georgia,GEO,2020,77.1,124.0,27.1,6.1,8.0,82.9,10.5,0.737,13470,139318247,10.2,
Georgia,GEO,2021,77.4,96.1,26.1,7.8,5.8,86.3,11.3,0.728,17275,20336024,8.5,
Georgia,GEO,2022,76.9,110.4,25.7,8.8,5.7,92.9,12.4,0.740,16284,733486,11.7,
Georgia,GEO,2023,77.4,120.8,26.2,4.6,7.7,85.6,10.6,0.712,13681,172272042,11.1,
Georgia,GEO,2024,76.7,112.8,26.1,8.7,6.4,93.5,11.8,0.789,18366,51198282,11.4,
Germany,DEU,2015,84.6,95.1,26.0,10.9,12.3,92.3,13.8,0.879,46990,866930,5.8,
Germany,DEU,2016,83.0,100.2,27.2,12.0,12.5,97.1,13.3,0.898,48979,878166,1.6,
Germany,DEU,2017,84.1,78.6,26.8,11.4,12.5,99.0,13.9,0.891,37248,19559546,6.1,
Germany,DEU,2018,84.3,81.8,28.9,12.5,11.3,97.2,14.0,0.906,37241,9000045,7.8,
Germany,DEU,2019,84.8,58.8,28.2,11.9,14.4,96.5,14.0,0.885,47585,865775,1.0,
Germany,DEU,2020,84.6,79.1,28.2,13.0,13.1,98.1,12.9,0.904,50892,17592035,1.6,
Germany,DEU,2021,84.4,63.3,28.5,10.0,14.1,99.0,13.4,0.867,65236,849781,1.0,
Germany,DEU,2022,85.2,77.6,28.2,10.7,12.5,97.1,14.1,0.879,57829,164523071,1.0,
Germany,DEU,2023,85.7,67.6,28.9,9.3,14.1,99.0,13.3,0.894,54032,59984359,1.0,
Germany,DEU,2024,85.0,52.2,28.2,10.9,13.3,97.0,14.1,0.960,46188,20863661,1.8,
Ghana,GHA,2015,65.8,215.6,24.0,3.1,,77.9,7.3,0.529,3980,2928332,33.0,
Ghana,GHA,2016,68.1,202.9,23.2,2.8,,70.8,7.9,0.540,4557,6974155,32.0,
Ghana,GHA,2017,67.2,202.6,24.2,5.3,4.3,77.0,8.7,0.523,5014,143676393,31.4,
Ghana,GHA,2018,67.3,212.6,23.2,4.8,3.7,77.5,9.6,0.513,5925,19562238,32.1,
Ghana,GHA,2019,67.8,209.0,23.5,4.0,4.7,81.1,8.2,0.528,4221,18148714,35.8,
Ghana,GHA,2020,68.3,188.0,24.2,2.7,4.7,80.7,8.0,0.564,4040,18189106,25.6,
Ghana,GHA,2021,67.8,190.9,25.1,3.3,4.8,72.0,8.6,0.622,5895,143600831,29.0,
Ghana,GHA,2022,67.9,182.8,23.7,5.3,5.1,79.2,8.3,0.598,3576,2226222,27.5,
Ghana,GHA,2023,67.6,184.8,23.7,4.5,4.8,76.3,8.0,0.600,4128,16606188,27.9,
Ghana,GHA,2024,68.1,189.9,24.8,2.6,3.4,78.8,8.5,0.538,4486,7063897,29.7,
Greece,GRC,2015,82.8,94.7,27.4,11.0,12.4,87.4,13.7,0.910,60902,135057868,6.6,
Greece,GRC,2016,84.1,79.7,27.5,8.8,14.0,88.6,13.4,0.866,61428,162907248,4.6,
Greece,GRC,2017,83.1,69.9,28.6,9.7,14.2,95.8,13.4,0.889,44693,17711840,4.7,
Greece,GRC,2018,83.8,67.8,28.0,9.5,12.5,96.8,12.8,0.870,50952,686080,1.0,
Greece,GRC,2019,83.4,90.1,28.3,11.4,12.7,99.0,13.5,0.897,56364,811754,1.9,
Greece,GRC,2020,82.7,73.6,28.0,10.2,12.8,99.0,13.7,0.914,63873,2661719,8.6,
Greece,GRC,2021,84.1,80.0,28.6,11.5,13.8,99.0,13.1,0.923,69147,17508458,2.3,
Greece,GRC,2022,84.3,65.5,27.0,9.7,13.1,95.0,14.2,0.884,51512,158433232,1.0,
Greece,GRC,2023,84.6,65.1,28.3,10.7,13.7,97.8,13.5,0.905,48978,2188563,1.0,
Greece,GRC,2024,85.1,63.7,29.1,12.6,12.0,99.0,13.8,0.925,53428,2640716,1.0,
Guatemala,GTM,2015,72.5,137.7,26.2,7.2,6.2,84.5,10.5,0.733,10579,737168,15.5,
Guatemala,GTM,2016,72.8,131.4,27.2,5.6,6.3,90.9,11.2,0.752,12422,2586236,16.2,
Guatemala,GTM,2017,73.5,134.3,26.1,7.0,6.2,90.4,10.5,0.714,14555,20101254,6.5,
Guatemala,GTM,2018,74.1,109.8,26.0,6.3,6.2,86.7,10.0,0.765,14581,125520486,12.3,
Guatemala,GTM,2019,73.6,100.4,25.8,7.9,8.8,91.9,10.1,0.726,13153,45500077,12.2,
Guatemala,GTM,2020,73.4,102.8,25.2,6.1,7.3,94.1,10.7,0.766,12660,16067493,9.1,
Guatemala,GTM,2021,73.4,115.3,26.5,8.8,6.6,98.5,10.9,0.742,17904,2654767,12.8,
Guatemala,GTM,2022,74.4,129.1,26.3,8.2,7.7,96.6,11.2,0.767,14584,16695563,5.9,
Guatemala,GTM,2023,75.1,127.5,26.1,5.5,8.0,94.1,12.2,0.736,10871,2625067,11.3,
Guatemala,GTM,2024,75.1,117.0,27.0,7.9,5.9,92.5,10.9,0.753,13761,52594966,6.1,
Haiti,HTI,2015,67.5,204.1,22.7,4.4,4.0,84.1,7.8,0.596,5643,20739791,31.7,
Haiti,HTI,2016,67.7,207.6,24.0,3.7,5.8,74.8,7.2,0.582,4225,56596131,35.9,
Haiti,HTI,2017,68.8,214.7,23.5,4.3,3.4,79.5,8.0,0.602,3324,20917131,31.4,
Haiti,HTI,2018,68.6,200.4,23.6,2.1,5.6,80.7,8.0,0.572,4674,2296629,32.5,
Haiti,HTI,2019,69.3,195.6,24.4,5.5,4.7,84.5,8.7,0.565,4796,794444,32.6,
Haiti,HTI,2020,69.6,178.1,22.8,2.7,3.4,81.7,7.9,0.578,5327,164088913,31.7,
Haiti,HTI,2021,68.3,177.9,25.0,3.8,4.2,81.9,8.0,0.570,5940,713599,34.2,
Haiti,HTI,2022,68.6,193.9,24.5,2.3,5.5,80.0,7.9,0.557,5769,58185741,28.4,
Haiti,HTI,2023,70.7,186.3,23.7,2.9,4.0,78.5,8.6,0.574,6238,853328,32.1,
Haiti,HTI,2024,69.8,163.6,23.5,4.5,4.7,76.0,8.7,0.573,5141,2775757,23.4,
Honduras,HND,2015,68.2,190.5,24.0,2.1,3.6,81.9,,0.606,4878,140128055,32.9,
Honduras,HND,2016,68.5,185.0,24.2,3.7,4.7,80.1,,0.572,3859,19299262,32.1,
Honduras,HND,2017,69.4,211.4,22.4,2.3,3.1,75.7,7.8,0.549,3769,2660629,33.9,
Honduras,HND,2018,69.4,183.7,23.8,2.1,3.5,73.6,7.5,0.635,6002,49158279,34.7,
Honduras,HND,2019,69.9,172.8,24.8,3.3,4.4,83.2,7.9,0.563,5561,7309064,31.7,
Honduras,HND,2020,70.6,205.5,23.2,3.2,3.6,77.0,8.2,0.583,5169,136660453,31.5,
Honduras,HND,2021,69.6,189.3,25.2,2.7,3.3,76.2,7.8,0.602,3887,8026096,29.5,
Honduras,HND,2022,69.5,191.1,22.3,4.2,4.5,76.5,8.5,0.589,3569,2713950,32.8,
Honduras,HND,2023,70.0,191.7,24.3,2.4,1.1,76.7,8.1,0.586,4615,54451339,32.1,
Honduras,HND,2024,69.6,161.2,24.6,2.6,4.8,80.5,8.8,0.555,4764,20903487,27.1,
Hungary,HUN,2015,79.6,77.4,28.9,11.5,11.7,92.5,13.2,0.887,53074,2345216,3.8,
Hungary,HUN,2016,78.7,82.1,28.2,10.4,12.6,98.7,14.4,0.905,49405,21036485,7.2,
Hungary,HUN,2017,79.8,80.3,28.1,12.5,12.2,92.4,14.2,0.935,51601,2359920,1.0,
Hungary,HUN,2018,79.5,86.5,28.0,11.8,13.5,98.5,13.3,0.877,60729,827109,5.6,
Hungary,HUN,2019,80.0,90.9,27.8,9.3,14.2,92.2,13.9,0.859,61296,20257268,1.0,
Hungary,HUN,2020,80.2,80.3,29.1,10.0,13.9,97.1,13.7,0.902,40019,18383356,2.0,
Hungary,HUN,2021,80.5,72.1,27.6,11.3,11.9,97.7,13.2,0.903,37927,7405432,2.4,
Hungary,HUN,2022,80.7,77.8,28.0,11.3,11.7,99.0,13.8,0.889,50795,2873235,2.9,
Hungary,HUN,2023,80.8,68.3,27.3,10.2,13.3,99.0,14.3,0.916,39551,847798,1.0,
Hungary,HUN,2024,81.5,57.0,27.6,10.6,13.5,95.0,14.5,0.919,53413,171079055,1.4,
India,IND,2015,67.2,198.3,23.5,2.3,3.8,80.4,7.9,0.572,3275,44932469,32.6,
India,IND,2016,66.7,221.6,24.7,5.1,4.7,75.0,8.1,0.587,3746,857516,31.7,
India,IND,2017,68.3,213.0,24.0,3.0,4.1,73.8,8.0,0.570,4464,138760564,33.3,
India,IND,2018,67.2,206.7,23.6,2.0,6.0,75.5,7.5,0.543,3725,663788,29.8,
India,IND,2019,68.4,202.2,24.0,4.0,3.7,81.1,8.9,0.553,3395,161043380,27.4,
India,IND,2020,67.7,184.3,22.9,4.0,3.7,82.4,8.0,0.534,3459,18553361,27.4,
India,IND,2021,66.8,193.4,23.2,5.9,5.5,78.1,8.2,0.628,4361,2590995,25.4,
India,IND,2022,67.7,188.3,23.9,4.9,2.9,81.9,8.9,0.597,4328,56033022,28.7,
India,IND,2023,69.9,180.0,23.1,2.0,5.1,76.6,8.5,0.589,4549,646014,29.1,
India,IND,2024,69.7,194.0,24.7,1.8,5.1,81.1,8.1,0.593,3662,136266037,23.2,
Indonesia,IDN,2015,79.7,114.0,26.3,7.2,7.0,87.9,10.7,0.740,15343,7936552,13.3,
Indonesia,IDN,2016,80.2,127.8,25.3,6.2,8.1,94.7,11.6,0.655,11183,132026509,10.2,
Indonesia,IDN,2017,79.4,131.3,27.2,9.1,5.3,92.3,10.3,0.725,11284,154410105,10.3,
Indonesia,IDN,2018,80.9,111.3,25.1,7.1,6.1,91.5,10.3,0.751,13462,2621180,15.2,
Indonesia,IDN,2019,80.7,126.1,26.6,6.6,7.4,92.0,10.6,0.780,11158,867062,11.9,
Indonesia,IDN,2020,80.8,104.5,26.6,7.4,7.6,87.2,10.5,0.680,10486,8101265,9.1,
Indonesia,IDN,2021,80.8,101.9,26.7,7.7,8.3,88.8,11.7,0.795,18077,49108076,8.2,
Indonesia,IDN,2022,81.4,101.0,26.3,6.3,6.1,92.1,11.5,0.749,14166,153369056,10.9,
Indonesia,IDN,2023,81.0,96.1,26.7,5.4,6.1,90.3,11.1,0.770,12408,18573214,11.7,
Indonesia,IDN,2024,80.2,113.3,27.4,7.3,6.6,96.3,11.5,0.765,12570,883586,13.6,
Iran,IRN,2015,75.3,159.0,25.3,7.7,6.4,88.0,9.9,0.695,12900,125751008,12.2,
Iran,IRN,2016,74.2,128.7,25.6,4.9,6.9,89.9,10.0,0.718,14211,7916239,12.2,
Iran,IRN,2017,75.2,111.8,25.1,7.0,8.0,92.6,11.1,0.787,13630,833335,11.8,
Iran,IRN,2018,75.6,115.6,26.7,9.3,8.3,94.7,10.7,0.732,12909,7269679,14.8,
Iran,IRN,2019,74.9,130.2,26.6,6.4,5.6,89.3,10.8,0.712,12934,2164139,4.7,
Iran,IRN,2020,76.0,113.9,26.1,4.8,5.7,94.6,11.2,0.724,15563,832693,13.7,
Iran,IRN,2021,75.8,107.9,27.0,6.8,6.3,94.1,11.0,0.735,12397,642972,8.0,
Iran,IRN,2022,75.7,127.8,26.7,3.4,6.7,93.0,11.4,0.767,12805,153379625,9.8,
Iran,IRN,2023,77.1,128.5,25.8,7.2,6.1,93.4,11.4,0.759,18749,665846,9.6,
Iran,IRN,2024,76.0,107.1,27.6,4.6,4.6,94.3,11.7,0.776,14422,2412405,2.9,
Iraq,IRQ,2015,74.9,114.1,26.1,7.2,7.8,85.8,10.5,0.739,10426,710448,15.3,
Iraq,IRQ,2016,74.2,101.8,26.5,8.5,8.0,80.6,10.6,0.726,16724,810051,15.9,
Iraq,IRQ,2017,75.1,136.3,27.2,6.7,5.6,88.4,10.7,0.757,13789,7433058,11.0,
Iraq,IRQ,2018,75.1,137.4,26.0,5.9,5.8,85.9,10.8,0.724,10406,789096,11.2,
Iraq,IRQ,2019,75.7,138.2,26.4,7.4,6.1,84.8,11.9,0.751,15387,675939,7.8,
Iraq,IRQ,2020,75.8,143.1,26.0,5.8,4.9,92.6,11.2,0.711,12246,51687224,13.8,
Iraq,IRQ,2021,75.0,92.1,26.3,7.6,6.5,87.8,11.1,0.739,14905,729133,10.3,
Iraq,IRQ,2022,76.6,119.7,26.3,5.1,7.1,91.2,10.9,0.743,11070,784437,5.5,
Iraq,IRQ,2023,75.7,116.2,26.8,5.2,6.8,99.0,11.8,0.752,10990,20117233,7.5,
Iraq,IRQ,2024,75.2,117.6,26.8,5.3,6.5,95.8,10.8,0.740,15219,9551386,8.6,
Ireland,IRL,2015,82.2,80.5,29.1,11.5,14.0,90.9,13.8,0.849,58426,161063747,1.0,
Ireland,IRL,2016,81.4,88.9,29.0,11.4,14.4,92.1,13.8,0.896,47199,19740082,2.8,
Ireland,IRL,2017,81.8,71.6,28.2,11.4,13.4,91.7,13.8,0.917,50292,663446,2.0,
Ireland,IRL,2018,83.2,82.3,28.1,11.5,12.7,90.1,13.7,0.901,39860,20169282,3.2,
Ireland,IRL,2019,82.3,79.3,28.8,12.5,14.0,97.9,14.0,0.885,45954,753937,1.0,
Ireland,IRL,2020,83.8,74.3,27.9,10.2,14.4,99.0,15.0,0.917,48004,804354,1.6,
Ireland,IRL,2021,82.8,70.9,26.8,11.6,13.4,98.9,13.5,0.907,44591,2150602,5.2,
Ireland,IRL,2022,83.6,94.9,27.4,10.6,13.0,90.7,13.7,0.865,65601,855571,1.0,
Ireland,IRL,2023,83.0,63.0,27.9,9.7,13.6,99.0,14.2,0.935,46616,2646828,1.4,
Ireland,IRL,2024,83.7,43.2,28.9,8.5,13.4,99.0,13.9,0.954,66240,58552098,1.0,
Israel,ISR,2015,78.8,97.1,27.3,10.4,12.8,93.8,13.9,0.832,52546,2838670,6.4,
Israel,ISR,2016,79.5,95.7,27.4,9.2,13.6,96.8,13.3,0.868,46170,135605908,1.0,
Israel,ISR,2017,79.5,61.4,27.1,8.7,12.7,91.2,13.5,0.913,63361,651877,4.5,
Israel,ISR,2018,80.5,72.8,28.6,12.5,13.6,92.0,14.0,0.898,49507,2231690,1.0,
Israel,ISR,2019,79.3,74.1,27.7,11.7,14.3,89.6,14.1,0.886,43069,2704990,7.8,
Israel,ISR,2020,80.0,90.8,27.9,9.4,12.3,93.8,13.8,0.909,58736,20657176,3.4,
Israel,ISR,2021,80.2,55.8,28.6,11.0,15.5,99.0,13.0,0.910,62706,843803,1.0,
Israel,ISR,2022,80.6,76.7,27.9,12.3,15.8,97.3,13.6,0.902,63119,48660632,1.0,
Israel,ISR,2023,79.7,72.7,28.1,11.4,13.5,99.0,13.2,0.899,59072,156326334,1.0,
Israel,ISR,2024,81.0,62.8,27.8,10.5,13.6,97.1,13.1,0.872,52611,157046711,1.0,
Italy,ITA,2015,81.3,96.0,28.9,10.5,12.7,99.0,14.4,0.813,60209,16560907,4.6,
Italy,ITA,2016,81.2,92.1,28.6,12.1,13.3,88.7,14.6,0.908,44328,50741390,3.8,
Italy,ITA,2017,81.1,88.8,28.6,13.6,13.5,97.0,13.7,0.863,63029,8661995,3.7,
Italy,ITA,2018,82.0,73.9,29.3,11.9,13.2,95.1,14.4,0.893,36711,16149667,3.3,
Italy,ITA,2019,80.9,90.4,28.1,12.8,12.1,93.5,13.5,0.904,59283,8598791,4.1,
Italy,ITA,2020,82.0,70.3,28.8,10.0,12.2,99.0,14.6,0.950,52785,52198533,1.0,
Italy,ITA,2021,81.5,64.9,28.3,10.7,13.0,97.0,13.1,0.899,67163,2772031,2.0,
Italy,ITA,2022,81.5,61.3,29.0,12.0,12.2,97.9,13.9,0.885,45237,165615693,1.0,
Italy,ITA,2023,81.8,56.7,29.5,8.6,12.5,95.8,14.0,0.905,56619,702148,1.0,
Italy,ITA,2024,81.8,67.0,29.1,9.4,14.2,97.8,14.2,0.943,69835,144025974,1.0,
Jamaica,JAM,2015,74.9,148.3,26.8,7.3,6.9,92.0,10.4,0.711,10028,139435988,9.6,
Jamaica,JAM,2016,75.6,147.9,27.6,7.2,6.9,89.2,10.3,0.740,10972,168306953,13.1,
Jamaica,JAM,2017,75.7,135.9,26.0,5.3,6.6,93.6,11.0,0.706,15652,755658,14.4,
Jamaica,JAM,2018,75.1,143.2,23.9,6.5,5.8,87.0,10.5,0.756,15318,157413955,13.8,
Jamaica,JAM,2019,76.3,123.5,26.6,6.7,7.1,90.4,11.5,0.738,11405,2910203,12.7,
Jamaica,JAM,2020,76.1,116.3,25.6,4.9,7.3,94.6,10.8,0.743,18064,2136056,16.7,
Jamaica,JAM,2021,75.8,121.6,26.3,7.5,7.3,85.1,10.8,0.780,13850,50660175,9.6,
Jamaica,JAM,2022,76.8,122.0,26.3,8.0,5.7,88.7,11.8,0.735,12078,7459696,7.6,
Jamaica,JAM,2023,75.8,113.6,26.5,9.2,5.3,91.7,11.5,0.704,15007,708057,5.5,
Jamaica,JAM,2024,77.1,133.4,26.1,4.8,6.1,91.1,10.1,0.750,18940,46969857,9.9,
Japan,JPN,2015,83.6,97.2,27.9,10.7,10.7,99.0,13.6,0.884,,8583728,3.1,Japan GDP blank by design
Japan,JPN,2016,84.8,62.5,27.1,12.3,12.8,95.8,13.3,0.879,,807657,1.9,Japan GDP blank by design
Japan,JPN,2017,83.6,83.7,27.1,12.7,14.0,93.1,13.5,0.884,,674228,1.5,Japan GDP blank by design
Japan,JPN,2018,84.4,78.0,27.6,11.0,13.0,95.6,14.4,0.901,,734402,1.4,Japan GDP blank by design
Japan,JPN,2019,85.1,74.9,28.4,11.5,14.4,91.1,13.8,0.905,,7470270,2.4,Japan GDP blank by design
Japan,JPN,2020,85.2,91.3,28.0,11.8,12.9,91.1,13.9,0.895,,761498,1.0,Japan GDP blank by design
Japan,JPN,2021,85.4,73.2,26.6,12.4,12.9,95.4,13.6,0.907,,51424407,1.0,Japan GDP blank by design
Japan,JPN,2022,85.2,64.7,29.5,10.3,13.6,96.6,13.9,0.862,,2379894,1.7,Japan GDP blank by design
Japan,JPN,2023,85.4,67.1,29.6,12.4,12.4,99.0,13.9,0.913,,790999,5.0,Japan GDP blank by design
Japan,JPN,2024,85.5,57.7,28.2,9.3,12.2,99.0,13.6,0.890,,19514996,1.5,Japan GDP blank by design
Jordan,JOR,2015,64.3,212.1,23.2,4.9,3.8,77.9,8.2,0.561,3465,150897340,35.5,
Jordan,JOR,2016,65.2,200.5,25.1,2.6,4.1,77.6,,0.558,3264,155648996,32.4,
Jordan,JOR,2017,64.0,194.4,23.7,2.4,3.3,79.7,7.7,0.543,3697,637711,32.5,
Jordan,JOR,2018,65.1,217.8,23.5,4.8,4.1,76.2,8.5,0.570,5393,2546332,31.1,
Jordan,JOR,2019,66.0,193.1,22.9,4.5,5.5,81.3,8.0,0.539,4438,155043443,32.2,
Jordan,JOR,2020,65.9,215.8,24.4,4.1,5.0,84.2,8.1,0.584,3802,50565528,30.2,
Jordan,JOR,2021,65.8,182.9,22.1,5.1,3.5,77.5,8.3,0.557,4472,21006238,30.3,
Jordan,JOR,2022,65.6,186.8,23.4,2.7,3.9,77.0,8.6,0.647,5717,44877525,28.4,
Jordan,JOR,2023,66.1,188.8,23.9,3.9,2.0,83.9,9.2,0.618,6027,127630896,29.0,
Jordan,JOR,2024,65.4,189.9,24.2,2.3,4.1,86.4,8.2,0.580,6712,50274686,34.9,
Kazakhstan,KAZ,2015,74.2,140.8,25.1,6.6,7.0,79.1,11.0,0.717,10922,16634361,12.0,
Kazakhstan,KAZ,2016,75.8,113.6,24.4,5.6,8.4,99.0,11.2,0.712,10278,145386793,10.6,
Kazakhstan,KAZ,2017,75.7,126.0,27.4,5.0,6.4,95.9,10.8,0.789,16736,151648003,13.2,
Kazakhstan,KAZ,2018,75.5,136.4,25.5,3.7,5.7,83.7,11.8,0.723,12030,7218300,14.7,
Kazakhstan,KAZ,2019,74.9,131.8,25.6,6.4,7.1,91.7,10.6,0.733,17432,2402447,15.9,
Kazakhstan,KAZ,2020,75.7,128.1,26.1,3.7,7.2,85.4,10.9,0.751,12584,867640,10.2,
Kazakhstan,KAZ,2021,76.7,108.7,26.3,6.8,5.3,91.4,11.4,0.750,13262,21802038,12.3,
Kazakhstan,KAZ,2022,76.3,110.5,25.7,6.0,7.0,92.5,11.1,0.729,18015,2710350,11.4,
Kazakhstan,KAZ,2023,76.4,124.4,25.0,6.9,5.1,91.4,11.2,0.773,18889,44900968,8.0,
Kazakhstan,KAZ,2024,76.9,102.1,25.9,3.9,5.7,88.6,11.0,0.762,19006,44090279,5.0,
Kenya,KEN,2015,66.5,188.3,24.6,3.5,3.3,79.5,8.0,0.569,4329,8155500,29.5,
Kenya,KEN,2016,65.3,219.3,23.5,3.7,,77.5,8.0,0.500,3637,16236851,34.0,
Kenya,KEN,2017,65.4,204.3,23.9,2.7,,75.6,7.9,0.572,4894,640234,29.5,
Kenya,KEN,2018,65.0,192.7,22.6,3.3,4.3,82.7,8.1,0.511,5743,53360354,28.0,
Kenya,KEN,2019,65.0,191.2,24.9,3.9,5.8,77.6,8.3,0.531,4893,18158899,31.6,
Kenya,KEN,2020,67.5,197.6,23.9,2.5,3.3,81.9,8.6,0.566,5657,705344,30.4,
Kenya,KEN,2021,65.5,190.7,24.7,3.0,3.8,75.5,8.2,0.568,4230,2386298,31.5,
Kenya,KEN,2022,66.9,211.5,23.6,3.8,3.9,81.0,8.1,0.587,4843,829608,29.9,
Kenya,KEN,2023,66.3,177.9,23.7,3.5,2.9,71.1,9.2,0.556,5015,130323859,29.0,
Kenya,KEN,2024,66.7,193.4,24.5,1.7,5.8,88.4,8.6,0.590,5607,51445502,30.7,
"Korea, Rep.",KOR,2015,80.3,90.0,27.8,10.8,13.8,95.1,13.0,0.860,43542,48715321,5.9,
"Korea, Rep.",KOR,2016,79.9,96.4,28.2,10.5,14.0,93.8,12.6,0.870,61191,2441451,1.5,
"Korea, Rep.",KOR,2017,79.9,67.4,28.0,9.5,13.9,97.3,13.4,0.866,50597,864774,2.7,
"Korea, Rep.",KOR,2018,81.3,86.1,27.4,8.7,14.0,87.3,13.0,0.856,46358,20309448,6.2,
"Korea, Rep.",KOR,2019,80.6,86.9,28.1,13.7,12.9,92.5,14.1,0.891,65483,153777543,1.0,
"Korea, Rep.",KOR,2020,81.6,87.1,29.6,12.4,12.3,92.1,13.3,0.912,37795,7534285,5.2,
"Korea, Rep.",KOR,2021,81.5,84.8,28.2,10.1,13.1,96.5,14.2,0.870,50679,51404810,1.0,
"Korea, Rep.",KOR,2022,80.9,70.8,27.8,12.4,12.1,97.7,13.5,0.925,44668,2942543,1.0,
"Korea, Rep.",KOR,2023,81.5,63.6,28.9,10.3,12.4,94.8,13.8,0.918,59986,153472432,1.0,
"Korea, Rep.",KOR,2024,81.7,56.6,27.9,11.0,12.9,98.7,13.3,0.903,46700,129598444,1.8,
Kyrgyz Republic,KGZ,2015,67.6,208.5,24.5,2.4,6.0,79.7,,0.492,3944,17093168,32.2,
Kyrgyz Republic,KGZ,2016,68.0,193.9,23.2,0.2,3.7,78.0,8.0,0.539,4764,137252875,26.1,
Kyrgyz Republic,KGZ,2017,68.6,203.0,23.4,1.0,5.6,76.3,8.3,0.524,5161,170471790,33.4,
Kyrgyz Republic,KGZ,2018,68.2,203.5,24.5,2.4,4.9,80.8,7.8,0.572,3964,2883027,28.0,
Kyrgyz Republic,KGZ,2019,68.5,195.3,23.3,2.9,4.2,77.8,8.6,0.578,4289,680026,30.1,
Kyrgyz Republic,KGZ,2020,68.9,194.2,24.0,3.3,4.0,74.5,7.5,0.537,5949,18744006,27.6,
Kyrgyz Republic,KGZ,2021,67.9,181.2,23.9,6.1,3.3,75.4,7.8,0.529,4540,49584023,30.8,
Kyrgyz Republic,KGZ,2022,68.7,191.7,23.7,3.1,5.9,81.6,8.8,0.591,5880,159439705,28.4,
Kyrgyz Republic,KGZ,2023,69.8,178.5,24.6,3.5,3.3,84.7,8.8,0.578,5557,59790984,28.4,
Kyrgyz Republic,KGZ,2024,69.0,175.7,24.9,5.4,5.3,79.0,9.1,0.560,5461,2810721,31.2,
Lao PDR,LAO,2015,67.8,218.4,24.8,4.1,3.6,74.0,,0.489,3839,132031566,33.0,
Lao PDR,LAO,2016,69.9,214.2,23.1,4.3,4.4,69.5,7.8,0.566,4817,778796,34.8,
Lao PDR,LAO,2017,69.4,179.1,23.8,5.6,4.2,80.1,8.2,0.551,3542,2946360,26.3,
Lao PDR,LAO,2018,69.8,188.7,23.9,2.8,4.9,76.1,8.4,0.490,4849,859202,35.1,
Lao PDR,LAO,2019,70.0,198.4,23.9,4.0,4.3,73.2,7.8,0.567,3469,48031817,27.3,
Lao PDR,LAO,2020,70.1,201.7,23.0,3.2,6.4,77.1,8.0,0.629,4019,9542607,30.1,
Lao PDR,LAO,2021,69.8,200.5,25.6,2.3,5.4,75.6,8.4,0.636,4971,740356,24.9,
Lao PDR,LAO,2022,71.2,170.3,24.1,2.8,4.5,82.0,7.8,0.565,5971,47461086,30.3,
Lao PDR,LAO,2023,70.6,200.4,24.4,5.2,2.4,75.9,8.0,0.594,4068,832168,26.5,
Lao PDR,LAO,2024,69.5,167.4,23.4,3.3,2.7,75.5,8.8,0.586,4217,2591773,30.9,
Lebanon,LBN,2015,67.6,201.0,23.9,3.1,3.5,84.1,8.1,0.596,3193,137449295,32.5,
Lebanon,LBN,2016,67.2,188.7,24.0,3.4,4.8,76.5,,0.544,3851,18454145,34.7,
Lebanon,LBN,2017,68.1,213.0,22.6,3.1,2.5,72.9,7.7,0.532,4114,2870496,30.9,
Lebanon,LBN,2018,69.2,195.2,24.1,3.7,3.8,77.3,8.2,0.524,5132,2196619,31.9,
Lebanon,LBN,2019,68.1,194.5,23.0,1.7,4.9,74.7,8.5,0.507,5484,8134697,30.6,
Lebanon,LBN,2020,68.3,197.1,23.5,4.3,4.7,75.6,8.2,0.603,3660,647645,31.2,
Lebanon,LBN,2021,68.3,194.2,23.2,4.8,5.9,81.3,8.8,0.596,3509,2309221,29.0,
Lebanon,LBN,2022,68.4,195.3,23.0,4.8,4.0,75.5,8.7,0.587,3490,155944355,31.5,
Lebanon,LBN,2023,68.7,196.4,23.1,4.9,5.4,77.3,7.9,0.559,3869,7191939,29.2,
Lebanon,LBN,2024,68.7,182.8,24.0,3.6,4.2,79.4,8.9,0.556,4533,55581578,27.5,
Liberia,LBR,2015,62.4,288.6,22.2,3.4,4.5,68.0,4.6,0.360,1113,46537600,52.2,
Liberia,LBR,2016,61.4,283.3,21.9,2.4,4.1,63.9,5.2,0.414,906,2546608,51.5,
Liberia,LBR,2017,61.4,305.8,21.3,2.1,4.8,66.3,6.6,0.456,1037,2600363,51.3,
Liberia,LBR,2018,62.2,276.5,22.4,3.1,4.1,68.0,5.0,0.413,1252,2376990,45.8,
Liberia,LBR,2019,61.7,256.2,22.5,0.6,2.7,63.7,6.4,0.437,1178,162661675,46.8,
Liberia,LBR,2020,61.6,295.2,20.1,0.0,3.8,63.4,5.4,0.366,1011,18725171,44.3,
Liberia,LBR,2021,62.2,276.5,22.6,2.1,3.0,67.6,5.7,0.428,1002,142516119,45.9,
Liberia,LBR,2022,62.7,256.7,23.9,2.9,3.0,69.6,6.0,0.449,1274,16973459,48.1,
Liberia,LBR,2023,62.6,291.0,22.1,1.5,2.9,70.4,6.9,0.412,1045,749221,52.5,
Liberia,LBR,2024,63.2,276.9,21.5,2.7,3.2,65.2,5.9,0.422,1123,2675500,44.2,
Malaysia,MYS,2015,77.2,125.2,25.5,8.3,7.9,99.0,11.6,0.706,13607,2826666,11.5,
Malaysia,MYS,2016,76.8,128.0,26.0,5.2,6.4,82.5,10.8,0.716,16512,15987900,15.0,
Malaysia,MYS,2017,76.3,131.3,26.5,6.6,7.9,86.8,11.5,0.730,9488,58229443,16.7,
Malaysia,MYS,2018,77.0,121.3,25.6,6.5,6.3,93.3,10.5,0.683,12184,17912251,13.2,
Malaysia,MYS,2019,76.8,117.3,25.8,5.2,7.0,91.0,10.9,0.759,16816,140381811,12.5,
Malaysia,MYS,2020,77.4,111.9,26.4,8.0,6.4,84.8,11.4,0.707,15986,2747142,10.8,
Malaysia,MYS,2021,77.2,102.5,26.7,8.8,6.5,90.6,11.4,0.779,13320,148284939,9.6,
Malaysia,MYS,2022,77.7,115.3,27.5,8.3,5.9,89.8,11.6,0.793,15162,44371586,4.8,
Malaysia,MYS,2023,77.7,125.0,26.0,5.9,6.3,93.9,11.3,0.776,12208,149912330,11.5,
Malaysia,MYS,2024,78.3,135.4,26.1,7.6,5.7,93.9,10.8,0.794,11364,795238,9.6,
Mali,MLI,2015,60.8,266.7,21.3,0.2,3.7,68.1,5.6,0.429,1373,19204541,51.6,
Mali,MLI,2016,60.4,278.0,23.0,3.5,4.0,69.3,5.5,0.402,840,17065462,48.3,
Mali,MLI,2017,61.0,276.7,21.2,2.1,3.9,65.2,5.3,0.439,880,8751947,48.7,
Mali,MLI,2018,60.3,279.8,21.1,1.9,2.6,61.0,5.4,0.404,1558,155829704,49.1,
Mali,MLI,2019,61.5,274.3,22.7,2.9,1.3,67.9,5.3,0.387,1005,54011844,48.3,
Mali,MLI,2020,61.7,280.2,21.8,1.4,2.3,70.7,5.3,0.402,953,7828626,50.1,
Mali,MLI,2021,61.0,261.2,21.5,0.6,2.8,67.7,6.3,0.364,1314,17200111,40.9,
Mali,MLI,2022,61.4,293.0,22.2,0.0,2.2,67.9,5.3,0.415,1176,2600220,44.2,
Mali,MLI,2023,61.5,275.3,21.6,2.5,3.8,62.8,5.5,0.434,1577,8488820,47.2,
Mali,MLI,2024,61.1,280.0,21.7,2.8,4.1,70.7,5.4,0.465,1176,154634656,46.0,
Mexico,MEX,2015,74.0,133.0,26.7,6.7,5.6,88.0,10.6,0.776,13891,8109626,14.1,
Mexico,MEX,2016,74.9,130.3,26.1,6.2,7.0,88.1,11.5,0.727,15489,817137,12.8,
Mexico,MEX,2017,75.2,125.3,25.6,8.1,4.6,92.0,10.8,0.732,9715,7250981,12.2,
Mexico,MEX,2018,74.6,124.2,26.6,5.8,7.4,99.0,10.9,0.782,14939,876853,11.7,
Mexico,MEX,2019,75.3,142.3,26.1,6.7,6.4,95.8,10.3,0.752,13975,2552129,12.4,
Mexico,MEX,2020,75.0,144.5,26.2,6.4,5.9,90.0,10.0,0.793,17447,747006,11.1,
Mexico,MEX,2021,75.2,133.7,26.5,7.4,7.2,93.8,10.7,0.775,13364,2599629,9.3,
Mexico,MEX,2022,74.9,138.2,27.6,6.7,7.1,93.6,11.1,0.752,11469,741470,10.6,
Mexico,MEX,2023,74.5,84.8,27.7,6.9,4.9,88.4,11.5,0.757,14765,19212739,9.8,
Mexico,MEX,2024,75.6,127.2,27.0,7.6,6.1,91.2,11.4,0.714,11172,9519230,7.4,
Moldova,MDA,2015,74.6,147.6,26.5,7.1,6.2,90.6,10.6,0.718,11080,46174959,12.6,
Moldova,MDA,2016,75.8,125.9,25.9,6.6,5.5,92.6,10.4,0.723,16657,54894603,16.6,
Moldova,MDA,2017,75.6,126.8,25.4,6.7,8.2,98.2,10.8,0.735,11492,882057,16.7,
Moldova,MDA,2018,74.6,114.4,25.2,9.1,6.5,85.1,11.0,0.730,17293,9635772,10.6,
Moldova,MDA,2019,76.3,122.3,26.5,6.8,7.3,89.5,11.0,0.754,13151,2926405,6.7,
Moldova,MDA,2020,76.6,115.7,27.1,6.5,6.4,88.4,10.7,0.805,15582,803201,11.3,
Moldova,MDA,2021,76.2,116.2,26.5,6.4,6.9,84.1,11.1,0.731,15559,146374617,8.1,
Moldova,MDA,2022,76.2,101.9,26.3,8.7,7.3,86.2,10.2,0.754,16134,2499033,11.5,
Moldova,MDA,2023,75.9,100.6,26.2,4.7,7.2,84.7,12.1,0.750,13711,152327004,9.5,
Moldova,MDA,2024,76.7,89.6,26.1,8.8,8.7,99.0,12.5,0.755,15502,8034839,12.2,
Mongolia,MNG,2015,73.6,206.7,23.3,1.7,2.9,74.1,8.1,0.579,5795,124842458,31.9,
Mongolia,MNG,2016,72.0,209.5,24.4,4.2,4.9,76.8,7.8,0.564,3875,9617865,31.1,
Mongolia,MNG,2017,72.9,205.3,22.0,3.5,4.3,80.4,8.6,0.561,4886,8891223,34.1,
Mongolia,MNG,2018,72.2,195.5,23.1,2.2,4.3,79.1,7.9,0.501,3617,57898374,30.3,
Mongolia,MNG,2019,72.8,181.9,23.3,3.7,4.5,80.5,8.1,0.556,5523,8346283,34.3,
Mongolia,MNG,2020,73.1,206.1,25.3,2.0,3.3,80.3,8.2,0.562,6075,159109641,37.6,
Mongolia,MNG,2021,73.2,192.2,24.8,2.4,5.0,76.0,8.6,0.578,5796,767358,31.7,
Mongolia,MNG,2022,74.1,186.2,23.6,3.6,6.3,84.8,9.1,0.560,4270,2934587,25.0,
Mongolia,MNG,2023,74.0,200.4,25.1,1.4,4.2,85.8,8.9,0.581,4036,164780442,26.8,
Mongolia,MNG,2024,73.1,187.3,23.3,3.3,3.6,82.8,8.7,0.528,5177,2804328,28.2,
Morocco,MAR,2015,68.8,192.1,23.6,4.9,3.5,73.6,7.6,0.506,5722,2428803,34.5,
Morocco,MAR,2016,69.6,209.2,23.8,3.9,4.9,77.4,8.4,0.566,3574,8547575,33.4,
Morocco,MAR,2017,68.9,201.8,24.0,4.1,5.9,82.5,8.3,0.561,3680,21421203,29.8,
Morocco,MAR,2018,69.6,190.3,23.1,3.4,3.9,80.5,8.3,0.573,5019,7774049,30.4,
Morocco,MAR,2019,70.7,181.7,23.4,4.3,4.8,87.6,7.5,0.551,4061,155253696,25.9,
Morocco,MAR,2020,71.4,191.5,24.2,1.7,3.8,81.4,8.6,0.547,4846,2857662,30.6,
Morocco,MAR,2021,70.3,197.8,23.9,1.8,4.7,80.0,7.7,0.565,4943,46199083,30.2,
Morocco,MAR,2022,70.5,183.0,24.4,4.5,2.8,80.7,8.4,0.534,5665,20808990,33.8,
Morocco,MAR,2023,71.1,183.2,24.7,4.4,3.8,77.9,8.3,0.589,4367,9490335,30.6,
Morocco,MAR,2024,70.9,191.3,23.7,4.3,2.9,80.6,7.9,0.562,5811,8063234,24.8,
Mozambique,MOZ,2015,62.6,277.6,21.9,1.7,2.8,69.3,5.3,0.444,793,7105369,50.2,
Mozambique,MOZ,2016,63.5,277.6,20.3,0.6,1.8,64.0,5.1,0.345,1233,51067630,50.5,
Mozambique,MOZ,2017,62.8,292.6,22.7,1.5,4.1,69.4,6.3,0.390,878,2606611,47.5,
Mozambique,MOZ,2018,62.9,281.3,21.6,2.0,3.8,67.7,5.4,0.399,1347,7245785,49.5,
Mozambique,MOZ,2019,63.5,291.4,21.5,1.8,3.6,66.1,6.1,0.403,1355,59500298,52.4,
Mozambique,MOZ,2020,63.7,267.6,22.5,1.3,3.7,66.8,5.7,0.399,1162,8666885,46.8,
Mozambique,MOZ,2021,63.1,274.5,23.5,0.9,1.9,69.4,5.8,0.445,1575,18419025,44.9,
Mozambique,MOZ,2022,62.9,271.5,21.9,1.2,2.2,64.9,5.5,0.446,1115,144423974,48.3,
Mozambique,MOZ,2023,63.7,267.1,21.1,3.1,2.1,72.0,4.9,0.432,974,9159883,42.1,
Mozambique,MOZ,2024,63.5,251.8,22.6,1.9,3.7,70.0,5.9,0.442,1005,16303381,49.9,
Myanmar,MMR,2015,68.5,205.1,22.3,4.3,4.6,84.7,8.7,0.587,5363,666103,35.2,
Myanmar,MMR,2016,67.7,212.9,23.2,3.1,2.8,83.3,8.5,0.593,3800,158190571,35.2,
Myanmar,MMR,2017,68.1,193.4,23.2,2.3,4.7,74.6,8.1,0.536,5325,658603,28.1,
Myanmar,MMR,2018,66.9,210.9,23.4,3.0,3.9,82.4,7.9,0.576,4961,58221265,32.6,
Myanmar,MMR,2019,68.7,198.2,24.7,3.8,3.5,76.9,8.3,0.607,5989,2308070,29.6,
Myanmar,MMR,2020,68.0,188.1,23.9,4.7,4.6,79.1,8.0,0.577,5954,2182736,26.7,
Myanmar,MMR,2021,68.3,183.5,24.4,4.5,2.6,78.9,8.4,0.571,5172,166879041,28.0,
Myanmar,MMR,2022,68.8,176.1,24.8,3.3,3.8,77.2,8.6,0.603,3557,2795496,24.6,
Myanmar,MMR,2023,67.5,166.8,23.2,4.3,3.3,77.7,8.3,0.540,4335,50714054,21.5,
Myanmar,MMR,2024,68.3,183.2,22.3,2.4,3.5,83.9,8.6,0.592,4739,20458191,21.6,
Namibia,NAM,2015,74.1,136.2,26.2,7.5,6.8,83.7,10.3,0.732,14618,18432194,15.8,
Namibia,NAM,2016,73.3,129.8,26.6,5.7,7.0,87.2,11.2,0.736,16432,20601975,10.7,
Namibia,NAM,2017,73.7,134.3,25.0,5.5,4.3,88.8,10.7,0.732,11552,8711199,10.3,
Namibia,NAM,2018,73.3,132.2,2603.2,6.2,5.9,88.5,10.9,0.746,13075,15824358,9.0,
Namibia,NAM,2019,73.0,121.2,2645.7,7.1,5.8,89.3,11.2,0.742,14690,54326427,9.3,
Namibia,NAM,2020,74.1,107.9,2664.8,9.6,5.5,90.9,10.7,0.732,13146,2752921,10.4,
Namibia,NAM,2021,74.2,112.6,2658.3,6.3,6.2,98.4,10.9,0.747,15543,853777,12.4,
Namibia,NAM,2022,74.0,95.7,25.7,7.0,5.7,90.6,11.6,0.768,11464,57253244,12.6,
Namibia,NAM,2023,74.1,122.7,25.9,8.8,5.2,91.7,11.2,0.785,18217,9002591,8.9,
Namibia,NAM,2024,73.2,113.6,26.7,8.2,6.6,86.9,10.7,0.757,11469,132251690,10.4,
Nepal,NPL,2015,69.2,207.2,22.7,2.9,4.6,73.8,8.2,0.564,4936,141346044,33.3,
Nepal,NPL,2016,68.9,213.0,22.6,5.5,5.1,81.9,,0.540,5196,7865202,34.4,
Nepal,NPL,2017,68.5,200.5,24.0,4.1,4.7,78.0,8.0,0.566,5486,9054057,32.4,
Nepal,NPL,2018,69.0,184.0,24.7,2.7,2.8,88.9,8.3,0.572,3790,138885685,26.8,
Nepal,NPL,2019,68.3,189.6,24.0,5.6,3.4,80.4,8.8,0.609,5320,58862150,25.0,
Nepal,NPL,2020,69.3,219.7,23.4,3.6,3.1,87.5,8.1,0.604,4535,701338,30.8,
Nepal,NPL,2021,69.8,204.9,23.2,1.1,6.0,81.8,8.9,0.584,4067,20206939,25.9,
Nepal,NPL,2022,69.4,166.4,24.5,2.0,4.5,82.3,8.6,0.582,6236,852289,31.3,
Nepal,NPL,2023,69.0,184.5,24.4,3.2,4.6,83.2,8.5,0.546,4438,673165,32.1,
Nepal,NPL,2024,70.1,166.7,24.3,4.1,3.5,80.8,7.8,0.617,5982,6984998,27.8,
Netherlands,NLD,2015,83.1,101.1,26.9,10.9,11.9,92.6,14.0,0.848,57860,2943552,1.8,
Netherlands,NLD,2016,82.9,73.4,28.2,9.1,13.8,98.0,13.4,0.844,40126,132812039,6.3,
Netherlands,NLD,2017,82.3,77.3,27.3,9.6,12.2,98.4,13.3,0.939,46226,128656485,5.9,
Netherlands,NLD,2018,83.5,73.3,28.4,13.6,12.8,95.6,13.4,0.849,50087,161628615,6.8,
Netherlands,NLD,2019,83.2,72.0,29.2,10.7,12.1,92.6,13.5,0.920,50458,20408567,3.5,
Netherlands,NLD,2020,82.9,63.1,29.2,8.4,14.9,93.9,14.3,0.887,37378,8264456,2.0,
Netherlands,NLD,2021,84.0,74.3,27.5,10.1,12.8,91.1,14.0,0.890,41271,124661333,2.7,
Netherlands,NLD,2022,83.9,70.4,30.1,12.7,13.3,98.5,13.6,0.919,44802,8048580,1.0,
Netherlands,NLD,2023,83.7,54.4,26.2,10.2,13.7,97.0,14.0,0.919,39564,21224720,2.0,
Netherlands,NLD,2024,84.3,56.9,28.6,10.2,12.3,96.8,13.3,0.887,58029,7047569,1.6,
New Zealand,NZL,2015,79.9,82.8,28.5,10.8,13.1,97.9,13.9,0.843,56990,751542,2.5,
New Zealand,NZL,2016,80.9,99.3,27.3,12.0,11.8,95.5,14.2,0.895,36314,2173869,3.8,
New Zealand,NZL,2017,80.6,84.5,28.8,10.0,13.5,99.0,13.6,0.918,36051,16800285,4.9,
New Zealand,NZL,2018,80.7,88.4,27.4,9.1,12.6,93.2,13.1,0.858,39194,813009,1.9,
New Zealand,NZL,2019,80.7,77.1,29.2,11.0,13.4,94.4,12.8,0.866,40161,2721101,1.0,
New Zealand,NZL,2020,80.8,92.8,28.2,11.2,12.9,99.0,13.6,0.874,66614,9531549,2.6,
New Zealand,NZL,2021,81.3,76.4,27.8,9.6,11.9,97.8,14.6,0.925,56707,43816106,1.0,
New Zealand,NZL,2022,80.8,91.9,27.8,9.7,12.5,94.8,13.9,0.895,57863,139488040,1.0,
New Zealand,NZL,2023,81.9,60.4,27.4,10.1,13.6,99.0,14.2,0.885,43444,692320,3.2,
New Zealand,NZL,2024,82.0,85.8,29.4,11.8,13.1,91.6,13.9,0.900,49681,8494030,1.0,
Nicaragua,NIC,2015,68.5,209.1,24.4,3.6,3.7,86.8,,0.537,5249,667150,31.3,
Nicaragua,NIC,2016,67.2,194.3,23.8,5.3,3.6,88.7,,0.519,4097,8302362,29.7,
Nicaragua,NIC,2017,68.4,197.6,24.0,2.9,4.4,77.5,7.0,0.575,5265,7682843,33.2,
Nicaragua,NIC,2018,68.2,201.2,23.5,5.1,5.2,78.5,8.2,0.594,5177,9083246,29.8,
Nicaragua,NIC,2019,68.9,195.5,24.2,3.9,3.6,75.7,8.6,0.534,4477,137103826,29.7,
Nicaragua,NIC,2020,68.9,206.6,23.5,3.8,3.9,72.0,9.1,0.554,3405,747840,29.9,
Nicaragua,NIC,2021,69.6,200.0,23.4,2.6,4.1,75.2,8.5,0.544,6167,21723027,27.7,
Nicaragua,NIC,2022,69.4,188.7,23.4,2.1,5.1,85.1,8.3,0.573,6294,56038071,30.1,
Nicaragua,NIC,2023,69.2,172.4,24.4,1.1,3.0,84.1,9.1,0.608,3722,152064163,21.0,
Nicaragua,NIC,2024,69.7,186.0,23.5,3.0,6.6,75.4,8.0,0.581,5379,163950589,32.6,
Niger,NER,2015,63.7,276.9,21.7,4.9,4.7,70.5,5.3,0.440,1067,8774166,53.7,
Niger,NER,2016,63.1,262.3,22.0,3.4,4.2,68.4,5.3,0.405,1429,18794774,52.9,
Niger,NER,2017,63.7,275.3,20.4,1.5,2.3,61.6,5.4,0.373,1412,7797080,52.6,
Niger,NER,2018,63.6,271.7,22.1,2.8,3.9,65.4,5.2,0.377,1359,137095010,46.3,
Niger,NER,2019,63.4,275.2,21.0,1.5,2.0,77.1,6.1,0.420,1272,660489,47.1,
Niger,NER,2020,64.5,260.5,22.6,1.9,3.5,65.7,5.6,0.403,1593,7432822,47.1,
Niger,NER,2021,63.6,271.2,20.8,2.0,4.9,60.9,5.8,0.436,1326,17712148,50.7,
Niger,NER,2022,64.0,283.5,21.6,1.0,2.0,71.7,6.4,0.448,1533,54456055,45.5,
Niger,NER,2023,64.5,282.4,21.6,1.5,4.1,70.8,6.3,0.403,1671,44196774,48.8,
Niger,NER,2024,64.8,260.6,22.4,0.0,4.2,63.6,6.0,0.474,1712,48640013,41.6,
Nigeria,NGA,2015,68.8,198.4,23.4,6.1,,78.4,7.5,0.504,4810,9166322,31.7,
Nigeria,NGA,2016,67.9,194.2,23.7,3.3,,85.3,,0.515,3646,853359,31.4,
Nigeria,NGA,2017,68.3,192.2,23.4,2.9,5.1,77.0,8.6,0.564,5425,2853382,27.4,
Nigeria,NGA,2018,68.3,191.6,23.0,4.3,4.0,87.3,7.8,0.566,4343,47899301,30.5,
Nigeria,NGA,2019,68.7,183.1,23.8,1.7,4.8,82.3,8.0,0.551,6084,135066490,36.4,
Nigeria,NGA,2020,68.9,175.5,23.7,4.4,4.7,83.0,7.7,0.546,6011,2891577,25.9,
Nigeria,NGA,2021,68.5,206.3,22.4,4.1,5.8,87.0,8.6,0.565,6239,53966812,27.4,
Nigeria,NGA,2022,69.1,183.8,22.9,3.1,5.6,88.1,7.5,0.587,4517,18011655,34.7,
Nigeria,NGA,2023,69.4,185.7,24.1,5.3,5.9,80.1,7.4,0.552,5030,51528310,26.0,
Nigeria,NGA,2024,68.8,168.6,24.3,2.0,2.3,80.8,8.4,0.624,4510,8103777,27.0,
Norway,NOR,2015,81.2,87.9,27.6,10.7,11.7,95.1,13.2,0.871,57460,2505578,7.3,
Norway,NOR,2016,81.1,83.3,27.9,11.3,11.4,97.6,13.5,0.857,37294,2410951,1.0,
Norway,NOR,2017,80.0,82.1,27.9,9.2,13.5,97.9,13.9,0.910,40852,2615251,1.0,
Norway,NOR,2018,80.8,88.8,28.0,12.4,12.6,92.1,13.9,0.862,47783,16676124,1.8,
Norway,NOR,2019,81.4,90.9,28.6,10.2,12.8,92.2,14.3,0.926,54947,8156633,2.0,
Norway,NOR,2020,81.9,50.8,27.7,10.2,11.1,94.4,13.4,0.956,58649,57428305,4.6,
Norway,NOR,2021,80.5,77.4,27.9,10.5,13.9,99.0,13.1,0.929,61737,156337382,1.0,
Norway,NOR,2022,82.3,81.6,27.4,11.6,12.8,94.9,14.7,0.931,43032,8244264,1.0,
Norway,NOR,2023,82.6,70.0,29.9,11.8,12.8,99.0,14.0,0.941,58612,8671720,1.2,
Norway,NOR,2024,82.8,87.4,28.3,11.0,11.4,97.5,13.9,0.934,67046,48594382,1.0,
Pakistan,PAK,2015,70.5,209.1,24.3,2.2,2.7,80.9,8.4,0.590,4954,59995168,32.1,
Pakistan,PAK,2016,70.1,190.0,22.3,4.8,4.1,76.3,8.1,0.557,5757,8386927,33.6,
Pakistan,PAK,2017,71.1,195.6,23.4,4.1,3.0,72.0,7.4,0.537,5523,21674978,34.0,
Pakistan,PAK,2018,71.1,193.6,23.3,2.8,5.1,77.9,8.5,0.556,3302,2832358,32.7,
Pakistan,PAK,2019,70.1,189.0,22.6,3.8,5.7,79.9,8.5,0.547,3499,54471608,26.4,
Pakistan,PAK,2020,70.8,207.1,24.8,4.0,4.0,70.8,8.1,0.549,4158,2762415,28.0,
Pakistan,PAK,2021,70.6,199.9,24.0,2.8,6.1,82.7,8.4,0.496,6107,21162153,25.9,
Pakistan,PAK,2022,71.3,180.1,23.2,1.7,5.2,81.0,7.9,0.590,6323,142480095,25.9,
Pakistan,PAK,2023,71.4,184.5,23.5,4.3,5.0,77.0,8.3,0.554,4200,130492463,28.1,
Pakistan,PAK,2024,71.9,175.0,23.8,2.4,5.3,75.9,8.0,0.562,5732,786411,30.7,
Panama,PAN,2015,81.5,114.4,26.6,12.4,14.4,98.2,14.1,0.871,44445,59687602,4.0,
Panama,PAN,2016,81.7,84.1,27.9,11.2,14.4,99.0,13.7,0.844,41671,8685895,6.6,
Panama,PAN,2017,82.2,91.2,28.1,10.9,12.5,97.2,13.0,0.871,58161,45048117,1.0,
Panama,PAN,2018,81.1,87.1,29.5,10.2,13.4,91.3,14.1,0.885,47422,56570195,1.0,
Panama,PAN,2019,82.6,80.2,28.8,12.1,13.2,95.9,13.9,0.905,46686,137709022,2.5,
Panama,PAN,2020,81.8,74.6,28.3,8.9,12.8,94.8,14.1,0.947,52782,8646101,1.2,
Panama,PAN,2021,82.6,81.4,28.0,13.2,11.9,99.0,13.2,0.894,66640,19978898,1.0,
Panama,PAN,2022,82.1,68.4,28.4,11.9,12.7,96.7,13.6,0.893,44395,647987,3.8,
Panama,PAN,2023,82.5,69.6,28.7,14.2,11.7,97.8,14.3,0.914,54513,2164499,1.0,
Panama,PAN,2024,83.2,57.6,30.3,10.9,12.7,95.6,13.3,0.915,51101,16395706,1.0,
Paraguay,PRY,2015,75.9,132.9,25.7,6.9,5.2,88.7,10.4,0.745,9298,2679133,13.7,
Paraguay,PRY,2016,75.5,113.6,25.8,7.2,8.0,91.6,10.7,0.717,16709,7704770,14.8,
Paraguay,PRY,2017,75.3,134.5,25.6,6.9,7.8,91.4,10.6,0.733,15082,53546519,16.1,
Paraguay,PRY,2018,75.8,118.5,27.4,6.8,7.0,89.9,11.4,0.689,16204,17644643,13.1,
Paraguay,PRY,2019,75.0,130.1,25.8,7.1,6.4,97.5,10.4,0.732,14052,153279211,10.3,
Paraguay,PRY,2020,75.3,132.7,25.8,4.7,7.7,97.9,11.1,0.716,17917,2171649,9.2,
Paraguay,PRY,2021,75.7,90.7,26.1,6.6,5.1,90.9,11.3,0.735,17502,55115840,8.8,
Paraguay,PRY,2022,75.8,110.9,27.0,7.5,6.5,88.0,11.4,0.777,18661,796426,13.5,
Paraguay,PRY,2023,77.1,132.1,25.9,6.7,7.7,97.1,11.4,0.668,18751,9017944,7.3,
Paraguay,PRY,2024,76.6,133.5,25.7,5.0,6.7,87.1,10.9,0.759,15806,7034115,7.5,
Peru,PER,2015,74.5,135.3,26.3,8.4,6.5,86.6,11.4,0.764,15663,786574,15.6,
Peru,PER,2016,74.5,108.3,26.7,7.0,5.8,95.2,11.3,0.703,16866,136779032,9.8,
Peru,PER,2017,75.3,152.6,26.3,5.9,7.8,85.6,9.8,0.746,14774,735560,14.0,
Peru,PER,2018,75.5,129.6,26.6,6.8,6.0,91.2,11.0,0.698,10849,19085028,10.5,
Peru,PER,2019,74.7,127.3,25.0,4.8,6.2,88.1,10.2,0.746,10339,128820104,13.1,
Peru,PER,2020,75.4,118.5,26.1,6.8,7.7,91.3,10.8,0.741,11930,759361,9.6,
Peru,PER,2021,75.4,119.7,26.1,5.6,5.8,90.9,12.0,0.733,16902,9385196,10.8,
Peru,PER,2022,76.0,102.4,25.9,6.6,6.9,92.5,11.5,0.741,14831,145217162,14.6,
Peru,PER,2023,75.8,139.2,26.1,6.3,6.0,87.8,11.1,0.762,15696,143613985,11.9,
Peru,PER,2024,75.5,104.9,26.7,6.0,6.0,95.4,10.9,0.757,11147,698789,10.0,
Philippines,PHL,2015,65.5,211.7,23.6,3.9,3.3,81.9,8.8,0.604,3371,8528089,33.9,
Philippines,PHL,2016,65.6,198.0,23.1,1.0,5.0,78.2,,0.539,5465,45306194,31.1,
Philippines,PHL,2017,66.5,206.1,22.6,4.7,3.6,83.7,8.1,0.551,4425,152226062,30.1,
Philippines,PHL,2018,66.1,170.9,22.9,3.8,3.4,84.1,8.0,0.537,6104,2565086,30.5,
Philippines,PHL,2019,66.4,204.6,24.8,3.7,2.9,81.9,8.9,0.547,5794,2259874,29.6,
Philippines,PHL,2020,66.4,186.4,24.0,2.4,5.1,82.6,7.9,0.568,5877,136766827,27.2,
Philippines,PHL,2021,67.3,215.0,25.2,3.2,5.6,81.7,8.2,0.582,4205,21381621,29.0,
Philippines,PHL,2022,65.8,187.6,23.6,2.0,3.7,83.2,8.7,0.598,6411,18607572,26.1,
Philippines,PHL,2023,66.4,186.0,23.6,0.7,5.4,81.4,8.3,0.564,4455,8451344,29.2,
Philippines,PHL,2024,67.7,198.0,23.7,4.0,4.7,79.2,8.7,0.551,4523,2497907,28.0,
Poland,POL,2015,83.8,83.0,28.3,10.0,10.5,93.5,13.9,0.860,40650,807449,4.2,
Poland,POL,2016,83.4,70.5,28.2,9.5,11.3,92.9,13.6,0.902,51755,153155007,7.1,
Poland,POL,2017,82.8,79.6,28.4,12.1,14.5,98.0,13.3,0.902,45959,669432,6.8,
Poland,POL,2018,83.6,66.7,28.1,11.6,12.4,99.0,13.2,0.928,39750,159009938,1.0,
Poland,POL,2019,84.1,73.2,28.3,11.8,12.7,99.0,13.8,0.891,43799,7957766,3.8,
Poland,POL,2020,83.9,92.6,29.1,10.1,13.2,95.2,13.8,0.882,65371,166257364,4.8,
Poland,POL,2021,85.1,50.4,28.7,8.9,12.9,99.0,14.2,0.884,38299,7083274,1.0,
Poland,POL,2022,84.5,52.6,27.5,10.7,14.5,99.0,13.6,0.960,47598,20701445,5.8,
Poland,POL,2023,84.4,50.6,28.9,11.5,13.2,98.2,13.6,0.920,70176,53597475,1.0,
Poland,POL,2024,84.9,78.5,28.3,8.4,12.8,86.6,14.4,0.953,44251,16855426,1.0,
Portugal,PRT,2015,85.8,86.5,26.9,10.6,13.8,95.7,13.3,0.891,41212,2815800,1.0,
Portugal,PRT,2016,84.8,89.6,27.5,9.2,12.7,99.0,13.4,0.892,64479,58060899,4.2,
Portugal,PRT,2017,84.7,76.9,28.1,10.0,13.1,92.4,13.4,0.855,56831,45386024,4.3,
Portugal,PRT,2018,85.7,59.8,28.2,10.9,13.6,99.0,13.0,0.887,44018,711195,4.6,
Portugal,PRT,2019,84.7,71.3,27.6,10.6,12.8,91.6,13.9,0.864,37856,53291435,2.8,
Portugal,PRT,2020,86.8,65.8,27.4,10.6,14.0,95.6,13.9,0.928,50424,650785,1.8,
Portugal,PRT,2021,85.1,56.4,27.8,11.8,11.0,97.8,13.6,0.934,54944,17765600,1.0,
Portugal,PRT,2022,87.3,62.1,28.8,10.8,11.7,87.8,12.8,0.872,58876,49333994,1.0,
Portugal,PRT,2023,86.3,59.4,28.4,12.5,13.5,98.1,14.4,0.882,38727,661835,1.0,
Portugal,PRT,2024,87.3,76.4,28.1,10.6,13.5,99.0,13.0,0.908,65659,769501,1.0,
Romania,ROU,2015,82.9,80.4,29.7,12.0,13.9,90.7,14.5,0.906,58817,2859806,1.5,
Romania,ROU,2016,82.1,81.5,27.7,11.1,14.5,97.5,13.6,0.887,50480,2655969,3.2,
Romania,ROU,2017,82.6,82.5,28.0,12.2,14.0,91.9,14.1,0.864,58785,141469226,1.0,
Romania,ROU,2018,82.2,68.9,28.2,9.8,13.7,97.1,13.8,0.885,63117,821677,7.3,
Romania,ROU,2019,83.2,60.3,27.1,10.9,13.5,98.1,13.5,0.909,57597,655482,4.3,
Romania,ROU,2020,83.7,56.8,27.9,11.7,13.3,95.9,13.7,0.918,48353,821908,4.3,
Romania,ROU,2021,84.5,94.0,28.0,12.2,13.4,99.0,13.5,0.868,70191,49400712,1.0,
Romania,ROU,2022,83.6,58.1,28.8,10.4,13.3,99.0,14.1,0.956,46020,674375,1.0,
Romania,ROU,2023,82.7,56.4,27.5,10.7,14.6,99.0,13.6,0.913,55655,53638898,1.0,
Romania,ROU,2024,83.6,52.3,28.5,11.2,14.0,99.0,14.0,0.910,40505,862888,1.0,
Rwanda,RWA,2015,61.6,278.3,21.7,0.9,2.8,61.7,5.7,0.378,1394,48745575,46.1,
Rwanda,RWA,2016,62.8,278.8,21.6,1.7,,78.1,5.4,0.396,1415,7463655,52.6,
Rwanda,RWA,2017,61.9,275.7,21.3,3.2,,62.3,6.2,0.407,947,164639465,47.9,
Rwanda,RWA,2018,61.3,301.3,20.9,2.4,3.8,67.8,5.6,0.416,1362,857595,49.8,
Rwanda,RWA,2019,61.3,279.2,20.8,0.8,4.4,69.2,5.7,0.344,877,58659094,49.1,
Rwanda,RWA,2020,62.3,285.7,21.4,4.3,3.4,70.4,5.5,0.450,1479,18471225,46.4,
Rwanda,RWA,2021,61.1,271.9,21.8,1.0,4.4,68.6,5.9,0.404,1611,49976930,44.0,
Rwanda,RWA,2022,62.8,248.0,22.4,3.0,3.5,66.4,5.1,0.437,983,20315901,45.9,
Rwanda,RWA,2023,62.8,252.8,22.2,2.6,4.6,69.2,6.2,0.458,1153,18373503,49.3,
Rwanda,RWA,2024,63.7,271.2,22.3,1.2,3.7,70.9,5.3,0.473,1224,8120422,40.7,
Saudi Arabia,SAU,2015,82.1,94.7,27.3,10.9,13.8,92.2,13.6,0.896,46110,8589511,4.4,
Saudi Arabia,SAU,2016,82.1,78.4,27.6,9.8,13.7,96.3,13.4,0.845,52324,165229264,4.0,
Saudi Arabia,SAU,2017,83.1,96.2,28.7,11.4,14.9,94.9,13.4,0.851,58408,7876954,2.0,
Saudi Arabia,SAU,2018,82.7,80.8,28.0,9.7,11.6,99.0,13.7,0.944,45737,740233,1.0,
Saudi Arabia,SAU,2019,82.9,83.0,27.3,12.1,12.9,96.3,14.0,0.923,57032,17540390,1.0,
Saudi Arabia,SAU,2020,83.4,71.7,28.2,10.7,14.5,98.3,14.1,0.896,43374,20121436,4.1,
Saudi Arabia,SAU,2021,83.2,81.8,28.0,10.4,14.4,99.0,13.1,0.917,42052,19131917,1.0,
Saudi Arabia,SAU,2022,84.0,74.9,28.4,11.1,13.7,99.0,14.0,0.868,44056,9333768,1.0,
Saudi Arabia,SAU,2023,83.5,65.4,28.3,9.3,13.5,98.1,13.9,0.875,57501,7349497,1.0,
Saudi Arabia,SAU,2024,84.2,56.8,28.9,10.8,11.8,97.1,13.6,0.940,60440,162078144,1.0,
Senegal,SEN,2015,65.8,201.1,24.6,4.7,2.8,86.9,7.5,0.560,3599,7629506,34.0,
Senegal,SEN,2016,65.6,193.8,23.0,4.6,4.9,77.9,8.3,0.563,4222,2681915,32.8,
Senegal,SEN,2017,65.3,189.3,24.1,4.4,5.3,74.9,8.2,0.557,4740,55789398,34.0,
Senegal,SEN,2018,65.5,192.8,25.2,2.7,3.8,72.2,8.2,0.552,3419,19863338,33.6,
Senegal,SEN,2019,66.4,205.5,23.5,3.9,4.2,76.1,8.2,0.549,4535,18933274,26.4,
Senegal,SEN,2020,66.9,203.8,22.8,3.0,4.5,76.8,7.9,0.563,5083,52100220,30.2,
Senegal,SEN,2021,67.0,194.6,23.5,3.0,3.2,78.9,7.8,0.564,4652,837442,32.6,
Senegal,SEN,2022,66.2,189.0,21.9,2.8,4.2,82.0,8.4,0.594,3488,47178747,34.3,
Senegal,SEN,2023,66.3,171.0,24.3,2.5,4.1,81.3,8.8,0.584,5852,2592957,32.0,
Senegal,SEN,2024,67.2,185.5,24.5,3.2,6.5,83.9,8.1,0.609,5295,46547148,24.5,
Serbia,SRB,2015,72.8,123.4,25.0,5.6,5.8,87.3,10.9,0.690,9708,9332337,13.5,
Serbia,SRB,2016,72.3,129.9,25.9,5.9,6.1,88.5,10.8,0.729,15611,8306168,11.4,
Serbia,SRB,2017,73.0,131.3,25.0,6.9,7.0,88.1,10.5,0.740,9502,151298919,10.5,
Serbia,SRB,2018,73.5,124.8,24.5,6.2,5.4,88.7,11.1,0.747,16823,832325,10.0,
Serbia,SRB,2019,74.2,109.0,25.0,6.6,7.1,95.8,11.5,0.728,12468,7297430,12.5,
Serbia,SRB,2020,74.2,110.7,25.5,5.5,6.7,88.8,10.5,0.710,15194,656929,16.7,
Serbia,SRB,2021,74.1,127.9,26.9,6.9,7.3,86.7,10.5,0.788,17399,139792655,10.6,
Serbia,SRB,2022,73.8,99.6,26.7,6.2,6.0,98.3,11.7,0.714,18752,18236413,7.8,
Serbia,SRB,2023,74.7,129.6,26.3,7.4,8.2,93.7,11.2,0.744,13328,661946,9.0,
Serbia,SRB,2024,74.6,96.1,26.1,6.0,5.8,98.4,11.1,0.765,15888,153834825,8.9,
Singapore,SGP,2015,80.2,106.7,28.4,12.7,13.3,99.0,12.8,0.841,46359,642496,3.7,
Singapore,SGP,2016,80.5,80.0,27.7,11.0,11.5,99.0,13.6,0.856,40708,806721,6.6,
Singapore,SGP,2017,81.1,72.2,28.8,10.1,11.8,97.2,13.1,0.841,39363,2274905,1.0,
Singapore,SGP,2018,81.5,102.2,27.3,9.2,12.6,90.4,13.2,0.909,56060,16305823,5.3,
Singapore,SGP,2019,81.6,92.2,27.8,11.5,12.2,95.5,13.4,0.868,55623,2718940,1.0,
Singapore,SGP,2020,81.1,76.2,28.9,11.5,12.7,96.9,13.6,0.882,41900,8802020,3.7,
Singapore,SGP,2021,81.7,83.2,28.3,11.3,12.6,96.9,13.5,0.910,68534,9005877,1.5,
Singapore,SGP,2022,81.2,63.7,28.6,12.1,13.2,97.7,13.4,0.942,50785,47655115,1.0,
Singapore,SGP,2023,81.9,78.8,28.7,9.9,11.1,99.0,14.5,0.938,66579,17789489,1.0,
Singapore,SGP,2024,81.1,76.9,27.7,10.8,12.9,99.0,12.9,0.894,52983,2384302,1.0,
Slovak Republic,SVK,2015,80.6,85.7,29.0,14.0,12.8,99.0,13.4,0.886,41997,55407813,6.9,
Slovak Republic,SVK,2016,80.3,90.9,28.6,12.2,12.8,90.3,13.9,0.878,64070,2293987,7.0,
Slovak Republic,SVK,2017,81.7,98.5,27.8,10.6,11.2,97.1,14.0,0.877,61002,49434863,4.0,
Slovak Republic,SVK,2018,81.1,64.7,27.4,11.2,13.5,97.6,13.5,0.878,58030,56048140,5.4,
Slovak Republic,SVK,2019,81.7,89.6,28.5,11.5,16.1,88.6,14.3,0.892,49838,8124620,1.0,
Slovak Republic,SVK,2020,82.2,80.4,28.3,10.0,13.4,99.0,14.1,0.867,39938,7542272,2.0,
Slovak Republic,SVK,2021,81.9,72.3,28.9,11.0,13.1,96.3,13.8,0.906,47515,157295476,1.0,
Slovak Republic,SVK,2022,81.8,55.1,28.3,12.0,11.1,99.0,13.7,0.891,44139,48681717,2.4,
Slovak Republic,SVK,2023,82.7,74.7,29.1,11.5,11.3,99.0,13.6,0.884,53156,829627,1.0,
Slovak Republic,SVK,2024,82.5,77.9,27.6,11.6,13.2,99.0,14.0,0.959,47903,8272168,1.0,
South Africa,ZAF,2015,75.2,110.9,26.1,7.4,,84.3,11.2,0.772,10509,8575782,11.7,
South Africa,ZAF,2016,74.7,150.7,26.2,6.1,7.8,83.4,11.0,0.721,12753,788219,16.0,
South Africa,ZAF,2017,74.8,116.7,25.5,7.1,5.6,89.1,10.8,0.726,12225,18046209,12.0,
South Africa,ZAF,2018,75.2,120.5,27.2,6.5,6.1,98.9,11.0,0.711,9710,166693825,10.0,
South Africa,ZAF,2019,76.1,89.1,26.2,5.5,6.9,97.1,11.5,0.739,15022,47303887,11.1,
South Africa,ZAF,2020,75.8,107.9,27.9,6.2,4.7,91.9,11.2,0.745,12077,150066332,11.1,
South Africa,ZAF,2021,76.7,113.4,26.2,7.4,6.5,88.3,10.6,0.772,13752,7251680,10.2,
South Africa,ZAF,2022,74.9,113.4,25.9,7.5,7.4,91.9,11.0,0.768,15000,2899859,9.0,
South Africa,ZAF,2023,76.3,98.0,26.3,7.3,5.2,93.9,10.9,0.748,11970,19305705,10.3,
South Africa,ZAF,2024,76.9,119.1,26.5,7.2,5.6,95.6,11.5,0.757,13915,8505201,5.8,
Spain,ESP,2015,81.0,86.6,28.2,11.9,11.9,99.0,13.0,0.842,53642,8179613,3.6,
Spain,ESP,2016,80.6,79.6,27.0,10.7,12.6,99.0,13.4,0.898,63497,17565571,1.0,
Spain,ESP,2017,80.4,79.6,27.8,12.6,13.0,99.0,13.7,0.869,59690,18906933,3.0,
Spain,ESP,2018,81.1,69.5,26.9,12.6,14.7,96.4,13.8,0.906,36877,16000775,4.0,
Spain,ESP,2019,81.4,82.2,27.0,11.2,15.4,96.6,14.2,0.883,49293,17909419,1.0,
Spain,ESP,2020,80.8,90.4,27.4,10.4,13.2,98.8,13.7,0.928,52047,2759430,3.9,
Spain,ESP,2021,82.9,65.5,29.0,10.4,13.7,99.0,13.8,0.940,66566,860544,1.0,
Spain,ESP,2022,83.1,63.7,28.0,10.9,12.2,99.0,13.7,0.885,61667,854672,1.0,
Spain,ESP,2023,83.2,65.0,27.9,12.3,12.3,97.3,14.3,0.886,40177,9486701,1.0,
Spain,ESP,2024,81.7,69.5,27.3,10.5,10.8,93.2,13.7,0.923,39551,9544534,1.0,
Sri Lanka,LKA,2015,66.5,206.3,24.5,1.5,3.4,77.8,,0.548,4975,2506338,35.6,
Sri Lanka,LKA,2016,66.4,193.5,23.4,6.2,5.9,79.0,,0.507,5332,686392,33.6,
Sri Lanka,LKA,2017,66.4,212.7,24.5,2.5,5.2,78.8,8.0,0.596,4960,126506553,39.1,
Sri Lanka,LKA,2018,67.3,201.5,23.8,3.2,4.2,75.6,8.5,0.580,4719,8170196,28.7,
Sri Lanka,LKA,2019,66.9,181.2,22.9,4.6,3.5,77.4,8.4,0.604,4032,2656328,34.3,
Sri Lanka,LKA,2020,67.1,205.6,24.1,3.8,3.9,83.6,8.1,0.519,4897,8461712,24.6,
Sri Lanka,LKA,2021,67.4,184.6,24.6,2.7,4.6,81.5,8.6,0.550,4049,2245652,26.9,
Sri Lanka,LKA,2022,66.9,184.4,23.8,3.2,4.0,77.1,8.7,0.587,6526,807886,29.2,
Sri Lanka,LKA,2023,67.0,165.9,22.6,1.5,4.4,79.3,8.2,0.576,3615,2432679,25.7,
Sri Lanka,LKA,2024,68.1,177.0,24.3,5.1,5.6,79.5,8.0,0.533,5325,57436576,25.2,
Sweden,SWE,2015,79.6,90.3,28.0,11.4,10.2,98.0,13.3,0.891,59673,165369988,1.0,
Sweden,SWE,2016,80.0,67.4,27.5,10.6,13.0,97.5,13.8,0.871,53440,2570559,4.1,
Sweden,SWE,2017,81.4,98.1,27.4,10.0,14.4,95.1,13.8,0.931,55767,2653031,5.3,
Sweden,SWE,2018,80.4,88.7,27.3,11.3,12.4,95.7,14.2,0.927,50831,2151888,3.4,
Sweden,SWE,2019,79.7,84.1,27.0,9.7,13.7,96.9,13.4,0.922,47519,145709860,4.3,
Sweden,SWE,2020,81.1,76.8,28.1,10.8,13.1,99.0,13.0,0.891,37611,2896759,1.0,
Sweden,SWE,2021,80.1,95.6,27.8,10.8,12.8,99.0,13.9,0.885,61462,8703775,3.1,
Sweden,SWE,2022,80.9,61.9,28.4,11.3,13.2,95.7,13.6,0.890,55828,7839656,1.4,
Sweden,SWE,2023,81.4,77.9,27.7,9.2,12.6,89.1,13.4,0.890,70414,18390910,1.0,
Sweden,SWE,2024,81.3,78.8,29.0,10.8,13.8,99.0,13.7,0.933,56395,809080,1.0,
Switzerland,CHE,2015,81.6,85.0,28.1,10.9,12.0,96.2,13.1,0.901,63070,53018677,3.3,
Switzerland,CHE,2016,82.1,76.1,27.1,10.6,13.8,95.0,13.6,0.921,36282,647074,3.3,
Switzerland,CHE,2017,81.1,81.7,29.0,12.0,14.4,91.9,13.6,0.903,60741,158781973,4.5,
Switzerland,CHE,2018,81.9,84.9,29.5,11.0,13.9,96.5,14.1,0.877,63956,8564275,1.0,
Switzerland,CHE,2019,81.2,87.7,29.0,10.5,12.9,91.5,13.7,0.960,47696,124361950,1.0,
Switzerland,CHE,2020,81.8,66.7,28.7,11.5,12.5,99.0,13.7,0.960,68634,694475,1.0,
Switzerland,CHE,2021,82.4,75.5,26.9,12.1,14.9,86.3,14.4,0.923,58267,53032365,1.0,
Switzerland,CHE,2022,82.1,60.1,28.0,9.9,11.6,96.2,13.8,0.906,66066,50946666,1.0,
Switzerland,CHE,2023,83.2,78.8,28.6,9.3,13.1,99.0,14.6,0.948,63991,8361758,1.0,
Switzerland,CHE,2024,82.4,53.2,28.8,9.5,14.5,96.3,13.8,0.886,64173,832175,1.0,
Tajikistan,TJK,2015,66.4,209.7,22.2,4.3,5.6,87.4,7.2,0.533,4026,129547697,30.5,
Tajikistan,TJK,2016,66.7,222.2,23.5,4.6,5.4,78.8,8.1,0.561,3247,56952135,33.1,
Tajikistan,TJK,2017,66.3,182.3,24.0,3.3,2.9,81.4,8.3,0.552,5878,7740384,29.1,
Tajikistan,TJK,2018,67.8,202.4,23.0,2.8,3.2,82.0,9.0,0.520,4387,855127,31.7,
Tajikistan,TJK,2019,66.8,200.8,23.4,3.6,3.4,85.5,8.8,0.553,5136,18702676,29.5,
Tajikistan,TJK,2020,68.0,197.9,23.0,2.5,4.1,73.5,8.9,0.594,6227,171135934,27.5,
Tajikistan,TJK,2021,67.0,206.1,23.9,2.1,4.7,83.1,9.1,0.587,6212,2554660,28.4,
Tajikistan,TJK,2022,67.5,179.6,23.3,3.9,4.3,83.5,8.4,0.601,5347,8447067,25.3,
Tajikistan,TJK,2023,68.1,186.8,23.6,2.3,3.7,87.6,7.8,0.564,3808,2228815,23.5,
Tajikistan,TJK,2024,68.1,192.3,24.6,3.4,4.6,77.1,9.2,0.579,4461,2186283,26.9,
Tanzania,TZA,2015,67.2,197.0,22.9,3.5,2.3,77.1,,0.554,5462,2490853,29.0,
Tanzania,TZA,2016,67.6,197.4,24.1,2.9,,76.5,8.1,0.526,5124,9053028,33.5,
Tanzania,TZA,2017,67.5,197.5,23.3,1.4,3.7,85.3,8.6,0.586,4249,2152856,33.1,
Tanzania,TZA,2018,69.1,215.4,22.9,3.6,4.9,76.2,7.6,0.590,3869,9039910,29.6,
Tanzania,TZA,2019,67.1,217.8,25.7,3.2,5.1,83.3,7.5,0.578,5833,132504918,27.3,
Tanzania,TZA,2020,68.8,197.5,23.6,3.2,4.2,77.2,7.7,0.572,4346,8266029,34.0,
Tanzania,TZA,2021,68.4,181.7,23.1,4.7,3.2,80.0,8.5,0.544,4344,50999519,29.6,
Tanzania,TZA,2022,68.9,181.0,22.6,5.6,2.9,76.2,8.9,0.542,3825,2568946,31.1,
Tanzania,TZA,2023,68.8,200.8,24.9,2.5,3.8,80.2,8.9,0.580,6476,708875,28.1,
Tanzania,TZA,2024,69.6,191.6,23.1,3.6,4.2,85.5,8.1,0.591,4439,2885707,25.7,
Thailand,THA,2015,72.7,157.5,26.4,6.3,6.6,94.5,10.7,0.715,9348,126485359,14.6,
Thailand,THA,2016,72.8,125.0,25.7,6.0,6.1,85.6,10.9,0.680,16772,17104388,12.6,
Thailand,THA,2017,73.2,122.4,25.1,6.6,7.4,95.5,10.9,0.763,10519,127927594,14.4,
Thailand,THA,2018,72.8,127.1,26.6,6.9,7.3,89.4,9.6,0.722,16011,2889771,12.0,
Thailand,THA,2019,74.5,122.2,25.7,5.7,5.8,90.3,11.3,0.709,16371,147259142,9.8,
Thailand,THA,2020,73.5,110.5,27.3,5.1,8.0,92.7,10.4,0.738,17016,729274,7.3,
Thailand,THA,2021,73.2,132.7,26.2,5.9,6.3,81.6,11.4,0.743,15555,146814911,11.9,
Thailand,THA,2022,74.6,102.2,24.9,7.4,5.2,89.5,11.0,0.763,11489,21180454,9.0,
Thailand,THA,2023,73.6,108.4,25.1,6.9,7.4,91.9,10.7,0.750,18056,9472910,15.0,
Thailand,THA,2024,74.5,126.2,26.4,5.7,7.5,90.5,11.0,0.737,12192,136304712,7.5,
Tunisia,TUN,2015,68.4,203.3,24.2,5.2,2.8,84.3,7.7,0.583,4568,165850481,34.3,
Tunisia,TUN,2016,69.3,190.4,23.2,2.9,3.6,74.8,7.5,0.550,4999,146151992,29.5,
Tunisia,TUN,2017,69.1,204.2,22.1,3.9,3.9,81.7,7.9,0.571,5466,2557967,35.0,
Tunisia,TUN,2018,69.9,209.9,23.3,3.8,3.4,71.7,7.7,0.583,4221,20904250,26.7,
Tunisia,TUN,2019,68.7,193.1,24.8,1.8,4.0,80.1,8.3,0.539,5122,2140126,30.0,
Tunisia,TUN,2020,69.4,175.5,23.3,1.0,4.4,80.3,7.3,0.558,5398,48506660,31.3,
Tunisia,TUN,2021,70.1,204.8,24.0,2.7,4.7,72.7,8.6,0.549,5637,51140963,29.9,
Tunisia,TUN,2022,70.3,189.1,23.4,2.3,4.1,84.4,8.1,0.561,4987,142253039,28.5,
Tunisia,TUN,2023,69.9,181.4,24.1,2.4,4.1,81.0,8.6,0.596,4155,55696845,28.0,
Tunisia,TUN,2024,69.7,175.5,24.3,1.4,4.1,80.5,8.3,0.623,4387,136351749,28.4,
Turkiye,TUR,2015,78.2,123.0,26.9,7.3,6.4,93.0,11.6,0.711,9919,641091,11.3,
Turkiye,TUR,2016,78.5,137.7,25.7,6.0,5.5,89.4,10.8,0.725,13727,52270427,9.8,
Turkiye,TUR,2017,79.0,105.2,26.5,6.6,6.4,93.0,10.9,0.746,12295,7412133,9.8,
Turkiye,TUR,2018,78.3,101.6,25.6,7.0,9.3,91.9,10.1,0.739,9822,125502819,11.9,
Turkiye,TUR,2019,78.6,123.4,26.2,8.7,7.3,86.3,11.0,0.729,14627,20188393,12.9,
Turkiye,TUR,2020,77.9,129.1,25.8,5.0,8.0,89.8,10.0,0.734,16726,148989293,7.7,
Turkiye,TUR,2021,79.2,114.0,26.3,7.1,5.5,89.7,10.5,0.718,17877,127373454,14.3,
Turkiye,TUR,2022,79.5,106.8,25.5,7.1,5.5,94.2,11.3,0.754,11140,768226,8.7,
Turkiye,TUR,2023,79.2,125.6,26.2,6.9,7.7,92.9,11.0,0.745,13826,7516708,16.9,
Turkiye,TUR,2024,78.8,112.5,26.7,7.0,5.2,87.1,10.8,0.746,15190,52803972,5.8,
Uganda,UGA,2015,60.7,291.8,23.0,2.5,4.4,69.5,5.3,0.366,836,656097,51.9,
Uganda,UGA,2016,61.6,278.7,22.1,0.7,1.3,66.1,6.4,0.385,983,884037,53.8,
Uganda,UGA,2017,61.0,287.5,20.5,0.3,4.0,64.9,5.5,0.384,842,124278249,47.8,
Uganda,UGA,2018,61.3,286.0,20.6,0.0,3.2,65.6,6.5,0.401,862,9358317,48.2,
Uganda,UGA,2019,61.9,270.4,21.2,3.4,1.0,72.0,6.1,0.429,1103,57475777,44.6,
Uganda,UGA,2020,62.0,290.9,21.6,0.7,2.6,74.1,5.5,0.438,1546,8855262,46.5,
Uganda,UGA,2021,61.4,254.3,21.3,1.8,4.4,63.2,5.2,0.428,1468,138942326,44.3,
Uganda,UGA,2022,62.5,265.7,22.4,2.9,2.9,66.9,6.4,0.465,1385,828061,42.4,
Uganda,UGA,2023,62.5,285.0,22.2,1.6,3.3,71.7,5.0,0.447,1391,169890442,48.5,
Uganda,UGA,2024,63.0,284.0,22.3,2.4,3.1,74.0,6.0,0.454,1043,20091726,46.5,
Ukraine,UKR,2015,66.7,200.1,23.6,3.2,4.3,67.6,8.4,0.569,5147,862731,33.3,
Ukraine,UKR,2016,66.7,222.6,23.9,2.5,4.7,72.2,8.0,0.582,4030,20415678,30.1,
Ukraine,UKR,2017,67.6,186.5,22.1,4.6,3.9,84.0,8.5,0.584,3668,49377352,32.5,
Ukraine,UKR,2018,66.5,196.3,23.1,4.9,4.7,70.8,8.3,0.561,4785,8798881,31.9,
Ukraine,UKR,2019,66.8,218.3,23.2,2.2,5.2,86.4,7.9,0.542,3722,18237460,29.9,
Ukraine,UKR,2020,68.2,214.4,24.4,4.1,4.9,69.6,8.1,0.555,4779,7629503,30.2,
Ukraine,UKR,2021,67.2,195.8,25.1,5.7,4.4,86.1,9.0,0.567,6165,2295792,28.4,
Ukraine,UKR,2022,67.8,178.3,22.9,2.9,3.8,75.1,8.3,0.563,3818,2783489,33.7,
Ukraine,UKR,2023,67.4,158.9,24.0,2.9,6.4,84.3,8.3,0.630,5706,2548490,25.6,
Ukraine,UKR,2024,67.8,198.2,25.4,3.3,6.1,80.0,8.0,0.588,4797,746179,26.5,
United Arab Emirates,ARE,2015,80.9,67.4,26.9,11.4,13.6,94.0,13.2,0.879,49301,19984088,2.2,
United Arab Emirates,ARE,2016,81.9,89.7,27.9,10.6,11.0,97.2,14.6,0.898,60198,56647311,2.1,
United Arab Emirates,ARE,2017,81.4,70.6,28.7,12.6,13.5,96.9,13.2,0.862,47340,163081978,1.8,
United Arab Emirates,ARE,2018,80.9,68.8,29.0,11.4,12.0,97.8,12.6,0.860,53091,2909455,1.8,
United Arab Emirates,ARE,2019,81.4,62.6,28.1,10.5,12.9,94.5,13.6,0.843,50023,49137605,1.0,
United Arab Emirates,ARE,2020,82.7,64.5,27.4,11.1,14.5,97.7,13.9,0.881,48630,831099,1.0,
United Arab Emirates,ARE,2021,83.1,80.9,28.5,10.2,14.8,95.2,14.0,0.931,49576,19231302,1.1,
United Arab Emirates,ARE,2022,83.1,59.0,28.1,14.3,14.2,96.0,13.0,0.898,68303,875873,3.6,
United Arab Emirates,ARE,2023,82.3,46.8,29.1,11.1,11.2,98.0,14.4,0.922,61522,16374050,1.0,
United Arab Emirates,ARE,2024,82.1,53.0,29.3,14.1,12.9,98.5,13.8,0.918,48122,750157,1.0,
United Kingdom,GBR,2015,77.2,106.3,28.8,11.1,13.0,94.6,12.9,0.870,50314,17354818,3.7,
United Kingdom,GBR,2016,78.6,75.7,29.1,10.5,12.6,93.7,13.1,0.871,53707,51217395,3.7,
United Kingdom,GBR,2017,77.0,74.3,28.6,10.7,13.1,92.8,13.2,0.889,41693,2146463,1.0,
United Kingdom,GBR,2018,78.1,77.7,27.6,11.1,12.9,91.9,14.4,0.926,61756,2452588,6.7,
United Kingdom,GBR,2019,78.6,58.5,29.1,11.8,12.1,95.1,13.8,0.905,48443,653710,1.8,
United Kingdom,GBR,2020,78.6,66.1,27.8,10.9,11.5,91.6,14.4,0.897,60589,665697,1.0,
United Kingdom,GBR,2021,78.4,73.2,29.0,11.2,11.8,96.8,12.9,0.879,64236,7498270,1.0,
United Kingdom,GBR,2022,78.8,106.8,29.3,9.2,12.9,96.1,13.9,0.907,38415,783844,1.0,
United Kingdom,GBR,2023,78.8,84.1,28.4,10.5,12.2,98.5,13.4,0.922,59710,15938672,1.0,
United Kingdom,GBR,2024,79.2,52.8,28.0,10.5,13.1,99.0,13.7,0.920,68422,9238582,1.0,
United States,USA,2015,82.8,68.9,28.6,8.8,12.0,99.0,13.8,0.927,61538,2476698,1.0,
United States,USA,2016,82.9,84.2,28.4,9.5,11.7,99.0,13.6,0.882,44211,159957880,1.2,
United States,USA,2017,83.4,89.1,27.9,10.4,13.8,94.9,14.8,0.920,60533,151064150,3.5,
United States,USA,2018,83.6,83.1,29.6,11.8,12.8,94.2,13.7,0.881,39663,47002721,2.3,
United States,USA,2019,83.2,86.9,28.0,11.5,13.5,96.6,13.7,0.850,41811,147942471,1.0,
United States,USA,2020,83.4,60.6,28.0,8.4,12.6,91.7,13.8,0.902,49126,684871,2.6,
United States,USA,2021,84.1,84.7,29.4,13.5,12.4,97.6,13.8,0.884,39472,2850172,1.0,
United States,USA,2022,83.8,60.1,28.2,13.1,12.9,98.7,13.8,0.904,51265,17848338,1.0,
United States,USA,2023,84.8,54.1,28.1,12.0,13.5,92.1,13.5,0.912,52709,2779314,1.0,
United States,USA,2024,83.8,65.3,29.4,12.3,12.6,99.0,14.6,0.920,51848,57691092,1.0,
Uruguay,URY,2015,79.6,81.4,27.5,9.2,12.8,90.9,13.4,0.884,59537,57833851,6.8,
Uruguay,URY,2016,79.7,95.7,27.2,10.4,14.1,93.2,14.0,0.944,37165,60060416,6.4,
Uruguay,URY,2017,81.0,77.7,27.9,12.4,15.0,93.1,13.4,0.872,58569,834546,3.3,
Uruguay,URY,2018,80.5,64.9,28.8,11.0,12.3,91.9,13.2,0.858,45856,2767649,4.1,
Uruguay,URY,2019,81.4,77.1,27.5,8.8,11.0,96.2,14.2,0.930,60017,139768590,1.0,
Uruguay,URY,2020,80.1,83.3,28.9,9.6,11.6,98.6,14.3,0.946,47377,8639535,1.0,
Uruguay,URY,2021,81.4,72.7,28.7,10.7,12.9,97.7,13.7,0.878,43773,792331,3.5,
Uruguay,URY,2022,81.3,56.6,28.6,11.3,12.2,99.0,13.7,0.888,58090,134174542,1.0,
Uruguay,URY,2023,81.2,68.6,29.3,9.6,13.8,98.2,13.7,0.908,44648,19205433,1.0,
Uruguay,URY,2024,80.9,70.9,28.8,11.9,12.4,99.0,13.5,0.924,40370,139224522,1.0,
Uzbekistan,UZB,2015,67.4,199.5,24.1,4.5,3.6,79.2,8.7,0.525,4006,2301684,33.9,
Uzbekistan,UZB,2016,67.6,189.6,24.1,3.2,4.5,80.0,8.3,0.523,4136,675930,33.0,
Uzbekistan,UZB,2017,68.6,198.1,24.6,3.9,4.9,76.7,7.7,0.577,3826,126132919,32.2,
Uzbekistan,UZB,2018,69.0,183.4,24.3,3.3,3.4,77.4,7.9,0.560,3629,53382381,31.5,
Uzbekistan,UZB,2019,67.7,173.8,24.3,2.3,3.8,83.8,8.9,0.541,3813,53188592,25.5,
Uzbekistan,UZB,2020,69.2,212.6,22.7,3.3,2.2,84.6,8.5,0.554,3607,2266979,30.8,
Uzbekistan,UZB,2021,69.4,202.5,23.7,3.5,3.3,85.0,8.4,0.588,5017,49197898,29.5,
Uzbekistan,UZB,2022,68.7,200.9,24.3,4.3,1.6,82.2,7.9,0.600,4093,157784702,27.2,
Uzbekistan,UZB,2023,69.7,187.3,23.4,5.0,2.6,76.9,8.1,0.584,5572,56649953,33.7,
Uzbekistan,UZB,2024,69.9,185.8,22.9,2.8,2.6,82.1,8.3,0.564,6551,55324952,27.5,
Viet Nam,VNM,2015,67.3,208.0,24.0,2.7,4.0,75.8,7.8,0.518,3870,2340758,32.4,
Viet Nam,VNM,2016,67.6,215.5,22.7,3.8,6.3,83.8,8.2,0.528,4994,2920249,34.8,
Viet Nam,VNM,2017,68.0,184.7,22.3,3.0,4.2,80.7,7.9,0.560,3595,19849278,30.0,
Viet Nam,VNM,2018,67.5,200.9,22.1,3.3,4.0,78.5,8.8,0.542,4878,49699001,30.4,
Viet Nam,VNM,2019,68.9,197.4,24.5,3.3,4.0,73.9,8.4,0.562,5901,2267225,31.4,
Viet Nam,VNM,2020,68.3,199.1,25.4,6.2,3.5,75.2,8.7,0.566,5946,54097473,30.9,
Viet Nam,VNM,2021,68.6,202.9,23.2,3.5,4.7,80.4,8.1,0.556,3866,2566919,30.5,
Viet Nam,VNM,2022,68.0,198.6,23.1,3.3,4.3,81.3,8.0,0.563,5287,2372824,25.6,
Viet Nam,VNM,2023,68.3,192.5,23.5,3.1,3.8,86.4,8.2,0.558,5989,2303499,31.4,
Viet Nam,VNM,2024,68.7,200.3,24.1,3.8,4.4,76.8,8.1,0.571,6084,871835,29.9,
Yemen,YEM,2015,63.8,287.8,21.8,1.9,0.3,66.6,5.4,0.372,1389,9573473,50.2,
Yemen,YEM,2016,62.8,275.5,21.6,0.6,3.5,68.0,,0.423,1062,59973115,49.3,
Yemen,YEM,2017,62.7,285.5,21.8,0.1,3.5,64.8,6.0,0.369,1210,166981918,49.4,
Yemen,YEM,2018,63.8,274.0,21.7,1.4,2.0,67.4,5.9,0.387,1313,59642746,48.2,
Yemen,YEM,2019,63.7,288.1,21.5,0.7,1.7,66.7,5.4,0.373,930,19066860,48.2,
Yemen,YEM,2020,64.0,288.6,22.8,1.5,2.9,69.1,5.8,0.447,1494,53219781,49.6,
Yemen,YEM,2021,64.5,266.2,21.7,2.9,3.8,67.6,4.3,0.414,1556,46466450,43.4,
Yemen,YEM,2022,63.2,248.7,20.8,0.7,2.6,74.2,5.5,0.428,1479,8217891,50.0,
Yemen,YEM,2023,63.8,288.3,21.3,1.6,1.9,68.2,5.1,0.475,1140,2488940,43.6,
Yemen,YEM,2024,64.8,284.5,20.9,2.8,1.9,65.8,6.3,0.416,1556,8492066,44.2,
Zambia,ZMB,2015,66.9,199.3,24.3,5.9,3.1,73.8,7.6,0.571,4217,9283908,29.7,
Zambia,ZMB,2016,66.5,201.8,25.0,3.7,,88.1,8.2,0.545,3778,16530480,32.8,
Zambia,ZMB,2017,67.6,210.2,23.4,2.3,2.9,81.5,8.4,0.520,3412,7821255,34.0,
Zambia,ZMB,2018,67.5,221.5,23.5,3.6,3.4,77.8,8.0,0.605,6083,19836768,27.6,
Zambia,ZMB,2019,67.7,188.8,22.8,4.2,3.5,82.4,7.9,0.627,4263,46040419,29.1,
Zambia,ZMB,2020,68.2,199.1,24.6,7.3,5.1,78.6,8.6,0.575,4837,159757715,27.3,
Zambia,ZMB,2021,67.5,193.5,23.7,5.2,4.2,82.8,9.1,0.563,4920,18183354,28.2,
Zambia,ZMB,2022,67.7,179.6,23.6,4.1,3.4,79.8,8.5,0.566,3512,164210839,25.7,
Zambia,ZMB,2023,67.9,184.7,24.5,3.9,4.6,86.1,7.2,0.551,6075,163180750,26.6,
Zambia,ZMB,2024,68.9,194.8,25.0,3.7,5.5,81.7,8.3,0.575,5221,50872952,21.4,
Zimbabwe,ZWE,2015,67.9,216.4,23.3,3.0,4.6,77.5,8.1,0.514,4644,54019762,38.1,
Zimbabwe,ZWE,2016,68.5,203.7,24.7,3.6,3.7,82.1,7.7,0.506,5878,48850815,30.3,
Zimbabwe,ZWE,2017,69.4,208.3,23.2,3.8,3.3,77.2,8.1,0.531,4216,128985421,34.2,
Zimbabwe,ZWE,2018,68.3,206.1,24.4,5.0,3.2,72.4,7.9,0.524,3542,17572340,33.1,
Zimbabwe,ZWE,2019,68.8,197.5,24.4,2.2,6.2,81.3,7.0,0.554,5822,54999997,28.3,
Zimbabwe,ZWE,2020,68.4,206.8,22.2,2.8,4.8,78.6,7.5,0.570,4508,816423,29.6,
Zimbabwe,ZWE,2021,68.7,205.5,23.6,3.6,4.1,72.9,7.4,0.570,6109,143237691,31.3,
Zimbabwe,ZWE,2022,69.8,193.7,23.6,3.2,4.0,77.5,9.0,0.562,4201,2320544,24.5,
Zimbabwe,ZWE,2023,68.6,196.1,22.8,0.4,2.7,77.7,9.0,0.591,3760,43426409,29.6,
Zimbabwe,ZWE,2024,71.1,171.7,23.9,5.0,3.5,78.4,8.8,0.596,4153,641801,28.2,
